Name,Height,Weight,Position,School,Class
BlakeGriffin,6-10,248,PF,Oklahoma,So.
JamesHarden,6-5,222,SG,Arizona St.,So.
JordanHill,6-10,232,PF,Arizona,Jr.
HasheemThabeet,7-2,267,C,UConn,Jr.
StephenCurry,6-3,181,PG/SG,Davidson,Jr.
DeMarDeRozan,6-7,211,SG,USC,Fr.
BJMullens,7-0,258,C,Ohio St.,Fr.
JonnyFlynn,6-0,196,PG,Syracuse,So.
EarlClark,6-10,226,SF,Louisville,Jr.
JamesJohnson,6-8,257,SF,Wake Forest,So.
GeraldHenderson,6-5,215,SG/SF,Duke,Jr.
JeffTeague,6-2,175,PG,Wake Forest,So.
TyrekeEvans,6-5,221,SG,Memphis,Fr.
WayneEllington,6-5,202,SG,North Carolina,Jr.
EricMaynor,6-3,164,PG,VCU,Sr.
ChaseBudinger,6-7,206,SG/SF,Arizona,Jr.
DerrickBrown,6-8,225,SF,Xavier,Jr.
DeJuanBlair,6-6,277,PF,Pittsburgh,So.
TylerHansbrough,6-9,234,PF,North Carolina,Sr.
TerrenceWilliams,6-6,213,SG/SF,Louisville,Sr.
DaJuanSummers,6-8,243,SF,Georgetown,Jr.
TyLawson,6-0,197,PG,North Carolina,Jr.
TajGibson,6-10,214,PF,USC,Jr.
DarrenCollison,6-1,166,PG,UCLA,Sr.
ToneyDouglas,6-2,183,PG/SG,Florida St.,Sr.
SamYoung,6-6,223,SF,Pittsburgh,Sr.
JrueHoliday,6-4,199,PG/SG,UCLA,Fr.
DionteChristmas,6-5,211,SG,Temple,Sr.
JermaineTaylor,6-5,207,SG,Central Florida,Sr.
PatrickMills,6-0,175,PG,St. Mary's,So.
MarcusThornton,6-4,194,SG,LSU,Sr.
JoshHeytvelt,6-11,246,PF,Gonzaga,Sr.
AustinDaye,6-11,192,SF,Gonzaga,So.
JeffPendergraph,6-10,240,PF,Arizona St.,Sr.
CurtisJerrells,6-1,195,PG,Baylor,Sr.
JerelMcNeal,6-3,190,SG,Marquette,Sr.
JeffAdrien,6-6,235,PF,UConn,Sr.
LeoLyons,6-9,235,SF/PF,Missouri,Sr.
DanteCunningham,6-8,227,SF/PF,Villanova,Sr.
RobertDozier,6-10,215,SF/PF,Memphis,Sr.
DannyGreen,6-6,208,SF,North Carolina,Sr.
TyreseRice,6-0,190,PG,Boston College,Sr.
DeMarreCarroll,6-8,207,SF/PF,Missouri,Sr.
WesleyMatthews,6-5,215,SG,Marquette,Sr.
JodieMeeks,6-4,211,SG,Kentucky,Jr.
TerrelHarris,6-4,190,SG,Oklahoma State,Sr.
ChrisJohnsonn,6-11,205,PF/C,LSU,Sr.
AJPrice,6-2,193,PG,UConn,Sr.
CourtneyFells,6-6,210,SG,NC State,Sr.
LeeCummard,6-6,180,SG,,Sr.
AlonzoGee,6-6,219,SG,Alabama,Sr.
GarretSiler,6-11,305,C,Augusta St.,Sr.
AlexRuoff,6-6,220,SG,West Virginia,Sr.
PaulHarris,6-4,220,SG/SF,Syracuse,Jr.
ChinemeluElonu,6-10,235,PF,Texas A&M,Jr.
JonBrockman,6-7,255,PF,Washington,Sr.
JackMcClinton,6-1,185,SG,Miami,Sr.
StefonJackson,6-5,185,SG,UTEP,Sr.
AladeAminu,6-10,220,SF/PF,Georgia Tech,Sr.
JoshAkognon,5-11,185,PG,Cal State Fullerton,Sr.
BrandonCostner,6-8,230,SF,NC State,Jr.
LesterHudson,6-3,190,PG/SG,Tennessee-Martin,Sr.
RobertVaden,6-5,205,SG,UAB,Sr.
MicahDowns,6-7,180,SG/SF,Gonzaga,Sr.
DanielHackett,6-6,210,PG/SG,USC,Jr.
LukeNevill,7-1,265,C,Utah,Sr.
AJAbrams,5-11,155,PG/SG,Texas,Sr.
JoshShipp,6-5,220,SG,UCLA,Sr.
DominicJames,5-11,180,PG,Marquette,Sr.
JeremyPargo,6-2,219,PG,Gonzaga,Sr.
RussellHicks,7-0,255,C,Florida International,Sr.
JoshCarter,6-7,195,SG,Texas A&M,Sr.
CedricJackson,6-3,180,PG,Cleveland St.,Sr.
AntonioAnderson,6-6,214,SG,Memphis,Sr.
KevinRogers,6-8,225,SF/PF,Baylor,Sr.
CharlieColey,6-7,220,SF,Charlotte,Sr.
LorrenzoWade,6-6,226,SG,San Diego St.,Sr.
EricDevendorf,6-4,175,PG/SG,Syracuse,Jr.
LewisClinch,6-3,190,SG,Georgia Tech,Sr.
DarTucker,6-3,200,SG,DePaul,So.
ConnorAtchley,6-10,230,PF,Texas,Sr.
JohnWall,6-4,196,PG,Kentucky,Fr.
EvanTurner,6-7,214,SG,Ohio St.,Jr.
DerrickFavors,6-10,245,PF,Georgia Tech,Fr.
WesleyJohnson,6-7,206,SF,Syracuse,Jr.
GregMonroe,6-11,247,PF/C,Georgetown,So.
PatrickPatterson,6-9,240,PF,Kentucky,Jr.
DeMarcusCousins,6-11,292,PF/C,Kentucky,Fr.
LukeBabbitt,6-9,218,SF/PF,Nevada,So.
Al-FarouqAminu,6-8,216,SF,Wake Forest,So.
PaulGeorge,6-9,214,SF,Fresno St.,So.
EdDavis,6-10,227,PF,North Carolina,So.
XavierHenry,6-6,210,SG,Kansas,Fr.
AveryBradley,6-3,180,SG,Texas,Fr.
HassanWhiteside,7-0,227,C,Marshall,Fr.
ColeAldrich,6-10,236,C,Kansas,Jr.
GordonHayward,6-8,211,SF,Butler,So.
EkpeUdoh,6-10,237,PF,Baylor,Jr.
DevinEbanks,6-8,208,SF,West Virginia,So.
JamesAnderson,6-6,208,SG,Oklahoma State,Jr.
DanielOrton,6-10,269,PF/C,Kentucky,Fr.
ElliotWilliams,6-4,180,SG,Memphis,So.
ArmonJohnson,6-3,190,PG/SG,Nevada,Jr.
CraigBrackins,6-10,229,PF,Iowa St.,Jr.
GaniLawal,6-9,233,PF,Georgia Tech,Jr.
DominiqueJones,6-4,216,SG,South Florida,Jr.
TerricoWhite,6-5,203,PG/SG,Mississippi,So.
EricBledsoe,6-1,192,PG/SG,Kentucky,Fr.
LarrySanders,6-10,222,PF/C,VCU,Jr.
DamionJames,6-7,227,SF,Texas,Sr.
StanleyRobinson,6-8,213,SF,UConn,Sr.
WillieWarren,6-4,208,PG/SG,Oklahoma,So.
LanceStephenson,6-6,227,SG,Cincinnati,Fr.
QuincyPondexter,6-7,215,SF,Washington,Sr.
JordanCrawford,6-4,198,SG,Xavier,So.
TrevorBooker,6-7,236,PF,Clemson,Sr.
DwayneCollins,6-8,241,PF,Miami,Sr.
LazarHayward,6-6,226,SF,Marquette,Sr.
TinyGallon,6-9,296,PF,Oklahoma,Fr.
JeromeJordan,7-1,244,C,Tulsa,Sr.
SolomonAlabi,7-1,237,C,Florida St.,So.
Da'SeanButler,6-7,225,SF,West Virginia,Sr.
GreivisVasquez,6-6,211,PG/SG,Maryland,Sr.
MannyHarris,6-5,185,SG,Michigan,Jr.
MikhailTorrance,6-5,209,PG/SG,Alabama,Sr.
MacKoshwal,6-9,250,PF,DePaul,Jr.
JarvisVarnado,6-9,210,PF,Mississippi St.,Sr.
ArtParakhouski,6-11,268,C,Radford,Sr.
MattBouldin,6-5,214,PG/SG,Gonzaga,Sr.
SamardoSamuels,6-8,245,PF,Louisville,So.
DaringtonHobson,6-6,204,SF,New Mexico,Jr.
DenisClemente,6-0,175,PG,Kansas State,Sr.
MarquisGilstrap,6-7,215,SF,Iowa St.,Sr.
HamadyNdiaye,7-0,240,C,Rutgers,Sr.
CharlesGarcia,6-9,232,SF/PF,Seattle,Jr.
LandonMilbourne,6-7,207,SF,Maryland,Sr.
LukeHarangody,6-7,240,SF/PF,Notre Dame,Sr.
SherronCollins,5-11,217,PG,Kansas,Sr.
AndyRautins,6-5,192,SG,Syracuse,Sr.
AJOgilvy,6-10,250,C,Vanderbilt,Jr.
DexterPittman,6-11,303,C,Texas,Sr.
MichaelWashington,6-10,239,PF,Arkansas,Sr.
DerrickCaracter,6-9,280,PF,UTEP,Jr.
JeromeDyson,6-3,180,SG,UConn,Sr.
KevinPalmer,6-6,205,SF,Texas A&M Corpus Christi,Sr.
MagnumRolle,6-10,220,SF/PF,Louisiana Tech,Sr.
JPPrince,6-7,205,SG,Tennessee,Sr.
TheoRobertson,6-6,220,SG/SF,California,Sr.
BenUzoh,6-3,200,PG/SG,Tulsa,Sr.
RyanThompson,6-6,210,SG/SF,Rider,Sr.
DeonThompson,6-8,240,PF,North Carolina,Sr.
TommyMason-Griffin,5-10,203,PG,Oklahoma,Fr.
JonScheyer,6-6,180,PG/SG,Duke,Sr.
EdwinUbiles,6-6,198,SG,Siena,Sr.
TyrenJohnson,6-8,204,SF,Louisiana Lafayette,Sr.
DeShawnSims,6-8,230,SF/PF,Michigan,Sr.
SylvenLandesberg,6-6,210,SG,Virginia,So.
WayneChism,6-8,246,PF,Tennessee,Sr.
MarqusBlakely,6-5,225,SF,Vermont,Sr.
JeromeRandle,5-10,165,PG,California,Sr.
RaymarMorgan,6-7,210,SF,Michigan St.,Sr.
AubreyColeman,6-3,210,SG,Houston,Sr.
LandryFields,6-7,210,SF,Stanford,Sr.
MarcusJohnson,6-6,210,SG,USC,Sr.
OmarSamhan,6-10,265,C,St. Mary's,Sr.
DominiqueArchie,6-7,200,SF,South Carolina,Sr.
PatrickChristopher,6-5,210,SG/SF,California,Sr.
ScottieReynolds,6-1,185,PG,Villanova,Sr.
DerrickWilliams,6-8,248,SF/PF,Arizona,So.
EnesKanter,6-11,259,PF/C,Kentucky,Fr.
KyrieIrving,6-3,191,PG,Duke,Fr.
BrandonKnight,6-3,177,PG/SG,Kentucky,Fr.
JimmerFredette,6-2,196,PG,,Sr.
TristanThompson,6-9,227,PF,Texas,Fr.
AlecBurks,6-6,193,PG/SG,Colorado,So.
KlayThompson,6-7,206,SG/SF,Washington State,Jr.
KembaWalker,6-1,184,PG,UConn,Jr.
KawhiLeonard,6-7,227,SF,San Diego St.,So.
MarcusMorris,6-8,230,SF/PF,Kansas,Jr.
MarkieffMorris,6-9,241,PF,Kansas,Jr.
JordanHamilton,6-8,228,SG/SF,Texas,So.
TobiasHarris,6-8,223,SF/PF,Tennessee,Fr.
TylerHoneycutt,6-8,187,SG/SF,UCLA,So.
ChrisSingleton,6-9,230,SF/PF,Florida St.,Jr.
MarshonBrooks,6-5,195,SG,Providence,Sr.
TreyThompkins,6-10,239,PF,Georgia,Jr.
KennethFaried,6-7,225,PF,Morehead St.,Sr.
DariusMorris,6-4,190,PG,Michigan,So.
JaJuanJohnson,6-10,220,PF,Purdue,Sr.
JustinHarper,6-9,228,PF,Richmond,Sr.
NikolaVucevic,6-11,260,C,USC,Jr.
NorrisCole,6-1,174,PG,Cleveland St.,Sr.
KyleSingler,6-9,228,SF,Duke,Sr.
ShelvinMack,6-2,205,PG/SG,Butler,Jr.
NolanSmith,6-3,189,PG/SG,Duke,Sr.
ReggieJackson,6-3,200,PG/SG,Boston College,Jr.
ChandlerParsons,6-10,221,SF,Florida,Sr.
TravisLeslie,6-4,205,SG/SF,Georgia,Jr.
JonLeuer,6-11,223,PF,Wisconsin,Sr.
MalcolmLee,6-5,198,PG/SG,UCLA,Jr.
JoshSelby,6-3,195,PG/SG,Kansas,Fr.
JordanWilliams,6-9,247,PF,Maryland,So.
CoryJoseph,6-3,186,PG,Texas,Fr.
ImanShumpert,6-5,222,PG/SG,Georgia Tech,Jr.
AndrewGoudelock,6-2,198,PG/SG,Charleston,Sr.
KeithBenson,6-11,217,C,Oakland,Sr.
CharlesJenkins,6-3,216,PG/SG,Hofstra,Sr.
MatthewBryan-Amaning,6-10,232,PF,Washington,Sr.
JimmyButler,6-7,222,SF,Marquette,Sr.
MalcolmThomas,6-9,223,PF,San Diego St.,Sr.
WillieReed,6-9,220,PF,St. Louis,Jr.
RavernJohnson,6-6,170,SG/SF,Mississippi St.,Sr.
JulyanStone,6-6,200,PG,UTEP,Sr.
RickJackson,6-9,242,PF,Syracuse,Sr.
DeAndreLiggins,6-6,202,SG,Kentucky,Jr.
GregSmith,6-9,253,PF/C,Fresno St.,So.
JeremeRichmond,6-7,207,SF,Illinois,Fr.
E'twaunMoore,6-4,191,PG/SG,Purdue,Sr.
DavidLighty,6-6,216,SG,Ohio St.,Sr.
CamLong,6-4,192,SG,George Mason,Sr.
JustinHurtt,6-4,195,SG,Tulsa,Sr.
LaceDariusDunn,6-4,188,SG,Baylor,Sr.
DeAngeloCasto,6-8,255,PF,Washington State,Jr.
JamieSkeen,6-8,242,PF,VCU,Sr.
GaryFlowers,6-8,214,SF,Southern Miss.,Sr.
DianteGarrett,6-5,181,PG,Iowa St.,Sr.
VernonMacklin,6-10,244,PF,Florida,Sr.
XavierSilas,6-4,200,SG,Northern Illinois,Sr.
ChrisWright,6-8,217,SF/PF,Dayton,Sr.
JonDiebler,6-6,197,SG,Ohio St.,Sr.
MikeDavis,6-9,213,SF/PF,Illinois,Sr.
DemetriMcCamey,6-3,204,PG,Illinois,Sr.
BradWanamaker,6-4,208,PG/SG,Pittsburgh,Sr.
JohnHolland,6-5,210,SG,Boston University,Sr.
ScottyHopson,6-7,205,SG/SF,Tennessee,Jr.
JustinBrownlee,6-7,219,SF,St. Johns,Sr.
DogusBalbay,6-1,180,PG,Texas,Sr.
AustinFreeman,6-4,225,SG,Georgetown,Sr.
JeffAllen,6-6,227,SF/PF,Virginia Tech,Sr.
DelroyJames,6-7,225,SF,Rhode Island,Sr.
ChaissonAllen,6-5,193,PG/SG,Northeastern,Sr.
BenHansbrough,6-3,203,PG/SG,Notre Dame,Sr.
CoreyFisher,6-0,202,PG,Villanova,Sr.
RandyCulpepper,6-0,160,PG,UTEP,Sr.
LavoyAllen,6-9,225,PF,Temple,Sr.
TerrenceJennings,6-10,225,PF,Louisville,Jr.
GilbertBrown,6-6,213,SG,Pittsburgh,Sr.
StevenGray,6-4,210,SG,Gonzaga,Sr.
CoryHiggins,6-4,180,PG/SG,Colorado,Sr.
JacobPullen,6-0,194,PG/SG,Kansas State,Sr.
SamMuldrow,6-9,213,PF,South Carolina,Sr.
AlexTyus,6-8,207,SF/PF,Florida,Sr.
JeremyHazell,6-5,185,SG,Seton Hall,Sr.
ClarenceJackson,6-4,188,SG,Siena,Sr.
FerrakohnHall,6-8,225,SF/PF,Memphis,Sr.
MarkPayne,6-7,206,PG/SG,UC Davis,Sr.
AnthonyDavis,6-10,222,PF,Kentucky,Fr.
AndreDrummond,6-11,279,PF/C,UConn,Fr.
HarrisonBarnes,6-8,228,SF,North Carolina,So.
BradleyBeal,6-4,202,SG,Florida,Fr.
JeremyLamb,6-5,179,SG,UConn,So.
ThomasRobinson,6-9,244,PF,Kansas,Jr.
DamianLillard,6-3,189,PG,Weber St.,Jr.
MichaelKidd-Gilchrist,6-7,233,SF,Kentucky,Fr.
TerrenceRoss,6-7,197,SG/SF,Washington,So.
AustinRivers,6-5,203,SG,Duke,Fr.
MeyersLeonard,7-1,250,C,Illinois,So.
TylerZeller,7-0,247,PF/C,North Carolina,Sr.
KendallMarshall,6-4,197,PG,North Carolina,So.
MoeHarkless,6-8,207,SF,St. Johns,Fr.
AndrewNicholson,6-10,234,PF,St. Bonaventure,Sr.
ArnettMoultrie,6-11,233,PF,Mississippi St.,Jr.
DionWaiters,6-4,215,SG,Syracuse,So.
PerryJones,6-11,234,SF/PF,Baylor,So.
JaredSullinger,6-9,268,PF,Ohio St.,So.
JohnHenson,6-10,216,PF,North Carolina,Jr.
TerrenceJones,6-9,252,SF/PF,Kentucky,So.
MarquisTeague,6-2,189,PG,Kentucky,Fr.
RoyceWhite,6-8,261,SF,Iowa St.,So.
JohnJenkins,6-4,212,SG,Vanderbilt,Jr.
DoronLamb,6-4,199,SG,Kentucky,So.
QuincyMiller,6-10,219,SF,Baylor,Fr.
WillBarton,6-6,174,SG/SF,Memphis,So.
KhrisMiddleton,6-8,216,SG/SF,Texas A&M,Jr.
TonyWroten,6-6,203,PG/SG,Washington,Fr.
JefferyTaylor,6-7,213,SF,Vanderbilt,Sr.
FabMelo,7-0,255,C,Syracuse,So.
JaredCunningham,6-5,188,SG,Oregon St.,Jr.
FestusEzeli,6-11,264,C,Vanderbilt,Sr.
DraymondGreen,6-7,236,SF/PF,Michigan St.,Sr.
DariusMiller,6-7,238,SF,Kentucky,Sr.
KrisJoseph,6-7,215,SF,Syracuse,Sr.
KevinMurphy,6-6,195,SG,Tennessee Tech,Sr.
KimEnglish,6-6,192,SG,Missouri,Sr.
DrewGordon,6-9,239,PF,New Mexico,Sr.
MikeScott,6-8,237,PF,Virginia,Sr.
DariusJohnson-Odom,6-3,212,SG,Marquette,Sr.
JaMychalGreen,6-9,217,PF,Alabama,Sr.
WilliamBuford,6-5,215,SG,Ohio St.,Sr.
HollisThompson,6-8,205,SG,Georgetown,Jr.
KevinJones,6-7,251,PF,West Virginia,Sr.
QuincyAcy,6-8,224,PF,Baylor,Sr.
RobertSacre,6-11,260,C,Gonzaga,Sr.
ChrisJohnson,6-5,197,SG,Dayton,Sr.
AlexYoung,6-6,216,SG/SF,IUPUI,Sr.
MaalikWayns,6-1,205,PG,Villanova,Jr.
HenrySims,6-11,251,C,Georgetown,Sr.
CameronMoore,6-10,223,PF,UAB,Sr.
TerranceHenry,6-10,195,SF/PF,Mississippi,Sr.
MilesPlumlee,7-0,252,PF/C,Duke,Sr.
RamoneMoore,6-5,188,SG,Temple,Sr.
JustinHamilton,7-0,260,C,LSU,Jr.
TyshawnTaylor,6-3,180,PG/SG,Kansas,Sr.
ScottMachado,6-2,205,PG,Iona,Sr.
KyleO'Quinn,6-10,241,PF,Norfolk St.,Sr.
TonyMitchell,6-6,220,SF,Alabama,Jr.
OrlandoJohnson,6-5,224,SF,UC Santa Barbara,Sr.
BernardJames,6-10,230,PF,Florida St.,Sr.
MarcusDenmon,6-3,188,PG/SG,Missouri,Sr.
XavierGibson,6-11,266,PF,Florida St.,Sr.
HerbPope,6-8,261,PF,Seton Hall,Sr.
J'CovanBrown,6-2,202,PG/SG,Texas,Jr.
JaeCrowder,6-6,241,SF/PF,Marquette,Sr.
ReggieHamilton,6-1,180,PG,Oakland,Sr.
RobbieHummel,6-8,218,SF,Purdue,Sr.
DeeBost,6-2,180,PG,Mississippi St.,Sr.
TuHolloway,6-0,187,PG,Xavier,Sr.
MitchellWatt,6-9,221,PF,Buffalo,Sr.
ChaceStanback,6-8,208,SG/SF,UNLV,Sr.
YancyGates,6-9,289,PF/C,Cincinnati,Sr.
RakimSanders,6-5,228,SF,Fairfield,Sr.
GregMangano,6-10,231,PF/C,Yale,Sr.
EliHolman,6-9,258,PF,Detroit,Sr.
RicardoRatliffe,6-8,244,PF,Missouri,Sr.
BradfordBurgess,6-6,212,SG/SF,VCU,Sr.
CarlonBrown,6-4,216,SG,Colorado,Sr.
GarrettStutz,7-0,252,C,Wichita State,Sr.
DionDixon,6-3,190,SG,Cincinnati,Sr.
CasperWare,5-10,170,PG,Long Beach State,Sr.
CharlieWestbrook,6-4,196,SG,USA,Sr.
KennyFrease,6-11,265,C,Xavier,Sr.
ZackRosen,6-1,170,PG,Pennsylvania,Sr.
KentBazemore,6-5,201,SG,Old Dominion,Sr.
LarryAnderson,6-5,211,SG/SF,Long Beach State,Sr.
DarioHunt,6-8,230,PF,Nevada,Sr.
KyleFogg,6-3,183,SG,Arizona,Sr.
NickBarbour,6-3,175,SG,N/A,Sr.
BenMcLemore,6-5,190,SG,Kansas,Fr.
CodyZeller,7-0,230,PF/C,Indiana,So.
CJMcCollum,6-3,197,PG/SG,Lehigh,Sr.
AlexLen,7-1,255,C,Maryland,So.
VictorOladipo,6-4,213,SG/SF,Indiana,Jr.
NerlensNoel,6-11,206,PF/C,Kentucky,Fr.
OttoPorter,6-9,200,SF,Georgetown,So.
AnthonyBennett,6-7,240,SF/PF,UNLV,Fr.
TreyBurke,6-1,190,PG,Michigan,So.
KentaviousCaldwell-Pope,6-6,205,SG,Georgia,So.
StevenAdams,7-0,255,C,Pittsburgh,Fr.
MichaelCarter-Williams,6-6,185,PG,Syracuse,So.
TimHardaway,6-6,200,SG,Michigan,Jr.
ShabazzMuhammad,6-6,225,SF,UCLA,Fr.
KellyOlynyk,7-0,234,C,Gonzaga,Jr.
TonyMitchell,6-9,236,SF/PF,North Texas,So.
TonySnell,6-7,198,SG/SF,New Mexico,Jr.
NateWolters,6-5,196,PG,South Dakota St.,Sr.
ShaneLarkin,5-11,171,PG,Miami,So.
GorguiDieng,6-11,230,C,Louisville,Jr.
MasonPlumlee,6-11,238,PF,Duke,Sr.
AllenCrabbe,6-6,197,SG,California,Jr.
ErickGreen,6-3,180,PG/SG,Virginia Tech,Sr.
IsaiahCanaan,6-0,190,PG,Murray St.,Sr.
ReggieBullock,6-7,200,SG/SF,North Carolina,Jr.
JamaalFranklin,6-5,191,SG/SF,San Diego St.,Jr.
GlenRice,6-6,211,SG,USA,Jr.
RicardoLedo,6-6,197,SG,Providence,Fr.
LorenzoBrown,6-5,189,PG/SG,NC State,Jr.
JeffWithey,7-0,222,C,Kansas,Sr.
CJLeslie,6-9,209,SF/PF,NC State,Jr.
JamesEnnis,6-7,200,SG/SF,Long Beach State,Sr.
RobertCovington,6-7,209,SF,Tennessee State,Sr.
JamesSoutherland,6-8,221,SF/PF,Syracuse,Sr.
PierreJackson,5-10,176,PG,Baylor,Sr.
MyckKabongo,6-2,180,PG,Texas,So.
ErikMurphy,6-10,240,PF,Florida,Sr.
KennyKadji,6-10,242,PF/C,Miami,Sr.
TrevorMbakwe,6-8,236,PF/C,Minnesota,Sr.
RodneyWilliams,6-7,200,SF,Minnesota,Sr.
DeShaunThomas,6-6,220,SF/PF,Ohio St.,Jr.
RyanKelly,6-11,230,PF,Duke,Sr.
ArchieGoodwin,6-5,189,SG,Kentucky,Fr.
GrantJerrett,6-10,232,PF,Arizona,Fr.
RayMcCallum,6-1,190,PG,Detroit,Jr.
DewayneDedmon,6-11,240,C,USC,Jr.
CarrickFelix,6-6,203,SG/SF,Arizona St.,Sr.
PeytonSiva,6-1,181,PG,Louisville,Sr.
AndreRoberson,6-7,206,SF/PF,Colorado,Jr.
SolomonHill,6-7,226,SF,Arizona,Sr.
AdonisThomas,6-6,232,SF,Memphis,So.
JackieCarmichael,6-9,240,PF,Illinois State,Sr.
VanderBlue,6-5,197,PG/SG,Marquette,Jr.
AmathMbaye,6-9,215,SF,Oklahoma,Jr.
BrandonPaul,6-4,200,SG,Illinois,Sr.
DJStephens,6-5,188,SG/SF,Memphis,Sr.
ColtonIverson,7-0,263,PF/C,Colorado St.,Sr.
RichardHowell,6-7,250,PF/C,NC State,Sr.
MikeMuscala,6-11,230,PF/C,Bucknell,Sr.
MichaelSnaer,6-5,200,SG,Florida St.,Sr.
BJYoung,6-3,179,SG,Arkansas,So.
BrandonDavies,6-10,242,PF,BYU,Sr.
ArsalanKazemi,6-7,230,PF,Oregon,Sr.
SethCurry,6-2,180,PG/SG,Duke,Sr.
RodneyMcGruder,6-4,205,SG,Kansas State,Sr.
AlexOriakhi,6-9,255,PF/C,Missouri,Sr.
WillCherry,6-1,181,PG,Montana,Sr.
CJAiken,6-9,200,SF/PF,St. Joseph's,Jr.
EliasHarris,6-7,240,SF/PF,Gonzaga,Sr.
PhilPressey,5-11,177,PG,Missouri,Jr.
DerrickNix,6-9,270,PF/C,Michigan St.,Sr.
KevinParrom,6-6,220,SG/SF,Arizona,Sr.
JackCooley,6-9,245,PF,Notre Dame,Sr.
DurandScott,6-5,203,SG,Miami,Sr.
ChristianWatford,6-9,230,SF,Indiana,Sr.
BrandonTriche,6-2,210,PG/SG,Syracuse,Sr.
ElijahJohnson,6-2,195,PG/SG,Kansas,Sr.
KennyBoynton,6-2,190,PG/SG,Florida,Sr.
DevinBooker,6-8,250,PF/C,Clemson,Sr.
EdDaniel,6-7,225,SF/PF,Murray St.,Sr.
MarshawnPowell,6-7,240,PF,Arkansas,Jr.
JoelEmbiid,7-0,250,C,Kansas,Fr.
JabariParker,6-9,240,SF/PF,Duke,Fr.
AndrewWiggins,6-8,200,SF,Kansas,Fr.
MarcusSmart,6-3,227,PG,Oklahoma State,So.
JuliusRandle,6-9,250,PF,Kentucky,Fr.
NoahVonleh,6-9,247,PF,Indiana,Fr.
ZachLaVine,6-6,180,PG/SG,UCLA,Fr.
ElfridPayton,6-4,185,PG,Louisiana Lafayette,Jr.
DougMcDermott,6-7,220,SF,Creighton,Sr.
AaronGordon,6-9,220,PF,Arizona,Fr.
GaryHarris,6-4,205,SG,Michigan St.,So.
RodneyHood,6-8,208,SF,Duke,So.
NikStauskas,6-6,207,SG,Michigan,So.
GlennRobinson,6-7,211,SF,Michigan,So.
TJWarren,6-8,220,SF,NC State,So.
KyleAnderson,6-9,230,SF,UCLA,So.
JordanClarkson,6-4,186,PG/SG,Missouri,Jr.
ShabazzNapier,6-0,175,PG,UConn,Sr.
TylerEnnis,6-2,180,PG,Syracuse,Fr.
JamesYoung,6-6,215,SG,Kentucky,Fr.
JeramiGrant,6-8,214,SF,Syracuse,So.
CleanthonyEarly,6-7,210,SF/PF,Wichita State,Sr.
CJWilcox,6-5,201,SG,Washington,Sr.
AdreianPayne,6-10,240,PF,Michigan St.,Sr.
JordanAdams,6-5,209,SG,UCLA,So.
SpencerDinwiddie,6-6,205,PG/SG,Colorado,Jr.
KJMcDaniels,6-6,196,SF,Clemson,Jr.
JarnellStokes,6-8,260,PF,Tennessee,Jr.
JohnnyO'Bryant,6-8,257,PF/C,LSU,Jr.
MarkelBrown,6-4,185,SG,Oklahoma State,Sr.
PJHairston,6-5,228,SG,USA,Jr.
DeAndreDaniels,6-8,195,SF,UConn,Jr.
NickJohnson,6-3,198,SG,Arizona,Jr.
DwightPowell,6-11,235,PF,Stanford,Sr.
SemajChriston,6-3,186,PG,Xavier,So.
KhemBirch,6-9,209,PF,UNLV,Jr.
MitchMcGary,6-10,266,C,Michigan,So.
JabariBrown,6-4,215,SG,Missouri,Jr.
JamesMcAdoo,6-9,230,PF,North Carolina,Jr.
CameronBairstow,6-10,252,PF,New Mexico,Sr.
DeonteBurton,6-1,193,PG/SG,Nevada,Sr.
CJFair,6-8,218,SF,Syracuse,Sr.
CoryJefferson,6-9,220,PF,Baylor,Sr.
AlecBrown,7-1,231,PF/C,Wisconsin Green Bay,Sr.
RonaldRoberts,6-8,215,PF,St. Joseph's,Sr.
DeAndreKane,6-4,200,PG/SG,Iowa St.,Sr.
TarikBlack,6-9,260,PF/C,Kansas,Sr.
PatricYoung,6-10,247,PF/C,Florida,Sr.
JuvonteReddic,6-9,250,PF/C,VCU,Sr.
FuquanEdwin,6-6,210,SG/SF,Seton Hall,Sr.
AndreDawkins,6-5,205,SG,Duke,Sr.
SeanKilpatrick,6-4,220,SG,Cincinnati,Sr.
JahiiCarson,5-11,180,PG,Arizona St.,So.
KendallWilliams,6-3,183,PG,New Mexico,Sr.
RoyDevyn,6-6,192,SG,Iowa,Sr.
KeithAppling,6-1,180,PG/SG,Michigan St.,Sr.
XavierThames,6-3,187,PG/SG,San Diego St.,Sr.
JordanBachynski,7-2,248,C,Arizona St.,Sr.
CaseyPrather,6-5,200,SG,Florida,Sr.
LaQuintonRoss,6-8,240,SF,Ohio St.,Jr.
JustinCobbs,6-2,190,PG,California,Sr.
RussSmith,6-1,160,PG/SG,Louisville,Sr.
EricMoreland,6-10,225,PF/C,Oregon St.,Jr.
AkilMitchell,6-9,230,PF,Virginia,Sr.
JordanMcRae,6-5,180,SG,Tennessee,Sr.
GeronJohnson,6-3,203,SG,Memphis,Sr.
LamarPatterson,6-5,225,SG/SF,Pittsburgh,Sr.
MelvinEjim,6-6,220,SF/PF,Iowa St.,Sr.
JerrelleBenimon,6-8,245,PF,Towson,Sr.
RoscoeSmith,6-9,202,PF,UNLV,Jr.
BrendanLane,6-9,235,PF,Pepperdine,Sr.
RichardSolomon,6-11,225,PF/C,California,Sr.
ScottieWilbekin,6-3,170,PG,Florida,Sr.
CameronClark,6-6,210,SF,Oklahoma,Sr.
TalibZanna,6-8,230,PF,Pittsburgh,Sr.
DevinOliver,6-7,225,SF,Dayton,Sr.
SimBhullar,7-5,360,C,New Mexico St.,So.
JoeJackson,6-0,170,PG,Memphis,Sr.
RobertoNelson,6-3,195,PG/SG,Oregon St.,Sr.
AaronCraft,6-2,192,PG,Ohio St.,Sr.
BryceCotton,6-0,165,PG,Providence,Sr.
AlexKirk,6-10,252,C,New Mexico,Jr.
JamilWilson,6-7,220,SF,Marquette,Sr.
Karl-AnthonyTowns,7-0,250,C,Kentucky,Fr.
D'AngeloRussell,6-4,195,PG/SG,Ohio St.,Fr.
JahlilOkafor,6-11,270,C,Duke,Fr.
JustiseWinslow,6-6,222,SG/SF,Duke,Fr.
StanleyJohnson,6-6,242,SF,Arizona,Fr.
TreyLyles,6-10,240,PF,Kentucky,Fr.
CameronPayne,6-2,185,PG,Murray St.,So.
MylesTurner,6-11,240,C,Texas,Fr.
DevinBooker,6-6,205,SG,Kentucky,Fr.
SamDekker,6-9,220,SF,Wisconsin,Jr.
WillieCauley-Stein,7-0,242,C,Kentucky,Jr.
BobbyPortis,6-11,245,PF,Arkansas,So.
KellyOubre,6-7,205,SF,Kansas,Fr.
TerryRozier,6-2,190,PG,Louisville,So.
MontrezlHarrell,6-8,255,PF,Louisville,Jr.
RashadVaughn,6-5,200,SG,UNLV,Fr.
JerianGrant,6-4,200,PG,Notre Dame,Sr.
JustinAnderson,6-6,230,SG/SF,Virginia,Jr.
FrankKaminsky,7-1,230,C,Wisconsin,Sr.
DelonWright,6-5,180,PG/SG,Utah,Sr.
KevonLooney,6-9,222,PF,UCLA,Fr.
ChrisMcCullough,6-9,200,PF,Syracuse,Fr.
RondaeHollis-Jefferson,6-7,210,SF,Arizona,So.
NormanPowell,6-4,215,SG,UCLA,Sr.
TyusJones,6-1,185,PG,Duke,Fr.
JordanMickey,6-8,240,PF,LSU,So.
RakeemChristmas,6-9,245,PF/C,Syracuse,Sr.
RichaunHolmes,6-9,245,PF,Bowling Green,Sr.
RJHunter,6-6,185,SG,Georgia St.,Jr.
OlivierHanlan,6-4,185,PG/SG,Boston College,Jr.
JarellMartin,6-9,240,PF,LSU,So.
CliffAlexander,6-8,240,PF/C,Kansas,Fr.
ChristianWood,6-10,215,PF,UNLV,So.
TerranPetteway,6-6,210,SF,Nebraska,Jr.
JonathanHolmes,6-9,245,PF,Texas,Sr.
DakariJohnson,7-0,260,C,Kentucky,So.
LuisMontero,6-7,195,SG/SF,JUCO,So.
JosephYoung,6-2,185,PG/SG,Oregon,Sr.
AnthonyBrown,6-7,210,SG/SF,Stanford,Sr.
TravisTrice,6-1,170,PG,Michigan St.,Sr.
JPTokoto,6-6,195,SG/SF,North Carolina,Jr.
BrandonAshley,6-8,230,PF,Arizona,Jr.
JoshRichardson,6-6,200,SG,Tennessee,Sr.
AndrewHarrison,6-6,215,PG/SG,Kentucky,So.
VinceHunter,6-8,210,SF/PF,UTEP,So.
PatConnaughton,6-5,215,SG,Notre Dame,Sr.
BrandenDawson,6-7,230,SF/PF,Michigan St.,Sr.
AaronWhite,6-9,220,SF/PF,Iowa,Sr.
MichaelFrazier,6-5,200,SG,Florida,Jr.
ChassonRandle,6-2,180,PG/SG,Stanford,Sr.
LarryNance,6-9,230,PF,Wyoming,Sr.
RobertUpshaw,7-0,260,C,Washington,So.
BryceDejean-Jones,6-6,205,SG,Iowa St.,Sr.
RyanBoatright,5-11,170,PG,UConn,Sr.
JuwanStaten,6-0,190,PG,West Virginia,Sr.
TreveonGraham,6-6,220,SG,VCU,Sr.
KevinPangos,6-2,185,PG,Gonzaga,Sr.
JarvisWilliams,6-7,215,PF,Murray St.,Sr.
LeBryanNash,6-8,232,SF/PF,Oklahoma State,Sr.
MichaelQualls,6-5,205,SF,Arkansas,Jr.
AaronHarrison,6-6,210,SG,Kentucky,So.
TashawnThomas,6-8,240,PF,Oklahoma,Sr.
TylerHarvey,6-4,180,SG,Eastern Washington,Jr.
TJMcConnell,6-2,190,PG,Arizona,Sr.
DezWells,6-4,210,SG,Maryland,Sr.
ChrisWalker,6-10,210,PF,Florida,So.
KeiferSykes,6-0,170,PG,Wisconsin Green Bay,Sr.
WillCummings,6-1,180,PG,Temple,Sr.
Sir'DominicPointer,6-6,190,SF,St. Johns,Sr.
QuinnCook,6-1,180,PG,Duke,Sr.
AlanWilliams,6-8,260,PF/C,UC Santa Barbara,Sr.
D'AngeloHarrison,6-3,215,SG,St. Johns,Sr.
CoreyHawkins,6-2,190,SG,UC Davis,Sr.
DarrunHilliard,6-7,220,SG,Villanova,Sr.
CadyLalanne,6-9,240,C,Massachusetts,Sr.
DJNewbill,6-4,215,SG,Penn State,Sr.
RalstonTurner,6-6,210,SG,NC State,Sr.
MarcusThornton,6-3,180,PG/SG,William & Mary,Sr.
TrevorLacey,6-3,210,PG/SG,NC State,Jr.
AskiaBooker,6-2,170,PG,Colorado,Sr.
DerrickMarks,6-3,210,PG/SG,Boise State,Sr.
DavidKravish,6-10,240,PF,California,Sr.
LaDontaeHenton,6-5,215,SF,Providence,Sr.
DarionAtkins,6-8,240,PF,Virginia,Sr.
BenSimmons,6-10,240,SF/PF,LSU,Fr.
BrandonIngram,6-9,195,SF,Duke,Fr.
JaylenBrown,6-6,225,SG/SF,California,Fr.
KrisDunn,6-4,220,PG,Providence,Jr.
BuddyHield,6-5,215,SG,Oklahoma,Sr.
MarqueseChriss,6-10,235,PF,Washington,Fr.
DomantasSabonis,6-10,240,PF/C,Gonzaga,So.
JamalMurray,6-4,205,PG/SG,Kentucky,Fr.
DejounteMurray,6-5,170,PG/SG,Washington,Fr.
MalikBeasley,6-5,190,SG,Florida St.,Fr.
DeyontaDavis,6-10,240,PF/C,Michigan St.,Fr.
SkalLabissiere,7-0,215,PF/C,Kentucky,Fr.
DamianJones,6-11,245,C,Vanderbilt,Jr.
BriceJohnson,6-10,210,PF,North Carolina,Sr.
JakobPoeltl,7-1,240,C,Utah,So.
HenryEllenson,6-11,245,PF/C,Marquette,Fr.
MalachiRichardson,6-6,200,SG,Syracuse,Fr.
DenzelValentine,6-5,210,SG/SF,Michigan St.,Sr.
CarisLeVert,6-7,190,SG,Michigan,Sr.
PatrickMcCaw,6-6,180,SG,UNLV,So.
CheickDiallo,6-9,220,PF/C,Kansas,Fr.
TaureanPrince,6-8,220,SF,Baylor,Sr.
StephenZimmerman,6-11,235,PF/C,UNLV,Fr.
DeAndreBembry,6-5,205,SG/SF,St. Joseph's,Jr.
WadeBaldwin,6-4,200,PG/SG,Vanderbilt,So.
MalcolmBrogdon,6-5,225,SG,Virginia,Sr.
GaryPayton,6-3,185,PG/SG,Oregon St.,Sr.
PascalSiakam,6-9,230,PF,New Mexico St.,So.
DiamondStone,6-10,255,C,Maryland,Fr.
DemetriusJackson,6-1,195,PG,Notre Dame,Jr.
AnthonyBarber,6-3,175,PG,NC State,Jr.
JoelBolomboy,6-9,225,PF,Weber St.,Sr.
MichaelGbinije,6-7,205,SG/SF,Syracuse,Sr.
KahlilFelder,5-9,175,PG,Oakland,Jr.
IsaiahWhitehead,6-4,210,PG/SG,Seton Hall,So.
DanielHamilton,6-7,200,SG/SF,UConn,So.
TylerUlis,5-10,150,PG,Kentucky,So.
IsaiahCousins,6-4,190,PG/SG,Oklahoma,Sr.
BenBentil,6-8,230,PF,Providence,So.
WayneSelden,6-5,230,SG,Kansas,Jr.
AJHammons,7-0,260,C,Purdue,Sr.
PerryEllis,6-8,220,PF,Kansas,Sr.
ZachAuguste,6-10,240,PF,Notre Dame,Sr.
DanuelHouse,6-7,215,SG/SF,Texas A&M,Sr.
TroyWilliams,6-7,215,SF,Indiana,Jr.
RonBaker,6-4,215,SG,Wichita State,Sr.
JamesWebb,6-9,200,SF/PF,Boise State,Jr.
TyroneWallace,6-5,205,PG/SG,California,Sr.
JulianJacobs,6-4,180,PG/SG,USC,Jr.
DerrickJones,6-7,190,SF,UNLV,Fr.
IsaiahMiles,6-8,220,SF/PF,St. Joseph's,Sr.
DorianFinney-Smith,6-8,215,SF/PF,Florida,Sr.
ChrisObekpa,6-9,240,C,UNLV,Sr.
MarcusPaige,6-2,165,PG,North Carolina,Sr.
KyleWiltjer,6-10,245,PF,Gonzaga,Sr.
IsaiahTaylor,6-2,180,PG,Texas,Jr.
RobertCarter,6-8,250,PF,Maryland,Jr.
SheldonMcClellan,6-6,200,SG,Miami,Sr.
AlexPoythress,6-8,240,PF,Kentucky,Sr.
JakeLayman,6-9,210,SF,Maryland,Sr.
JarrodUthoff,6-10,215,PF,Iowa,Sr.
DamionLee,6-6,210,SG,Louisville,Sr.
JoshAdams,6-2,190,PG,Wyoming,Sr.
GeorgesNiang,6-8,230,SF/PF,Iowa St.,Sr.
YogiFerrell,6-0,180,PG,Indiana,Sr.
KalebTarczewski,7-0,245,C,Arizona,Sr.
TimQuarterman,6-6,190,SG,LSU,Jr.
RoscoAllen,6-9,220,SF,Stanford,Jr.
AJEnglish,6-3,180,PG/SG,Iona,Sr.
DevinThomas,6-9,250,PF,Wake Forest,Sr.
RyanAnderson,6-9,235,PF,Arizona,Sr.
ChinanuOnuaku,6-10,245,C,Louisville,So.
AnthonyGill,6-8,230,PF,Virginia,Sr.
ShawnLong,6-10,250,PF,Louisiana Lafayette,Sr.
JalenJones,6-7,225,SF,Texas A&M,Sr.
TylerHarris,6-9,220,PF,Auburn,Sr.
AndrewAndrews,6-2,205,SG,Washington,Sr.
PrinceIbeh,6-11,260,C,Texas,Sr.
StefanJankovic,6-11,235,PF,Hawaii,Jr.
BrannenGreene,6-7,215,SG/SF,Kansas,Jr.
D'VauntesSmith-Rivera,6-3,215,PG/SG,Georgetown,Sr.
GoodluckOkonoboh,6-10,225,C,UNLV,So.
EmmanuelMalou,6-9,215,SF/PF,JUCO,So.
JoshJackson,6-8,205,SG/SF,Kansas,Fr.
MarkelleFultz,6-4,190,PG,Washington,Fr.
LonzoBall,6-6,190,PG,UCLA,Fr.
De'AaronFox,6-3,170,PG,Kentucky,Fr.
JonathanIsaac,6-10,210,SF/PF,Florida St.,Fr.
DennisSmith,6-2,195,PG,NC State,Fr.
JaysonTatum,6-8,205,SF,Duke,Fr.
MalikMonk,6-3,200,SG,Kentucky,Fr.
ZachCollins,6-11,230,C,Gonzaga,Fr.
LauriMarkkanen,7-0,230,PF,Arizona,Fr.
LukeKennard,6-6,195,SG,Duke,So.
DonovanMitchell,6-2,210,SG,Louisville,So.
BamAdebayo,6-10,245,PF/C,Kentucky,Fr.
TJLeaf,6-10,225,PF,UCLA,Fr.
KyleKuzma,6-9,225,PF,Utah,Jr.
JarrettAllen,6-10,235,C,Texas,Fr.
IvanRabb,6-10,220,PF/C,California,So.
JohnCollins,6-9,225,PF/C,Wake Forest,So.
JustinJackson,6-8,200,SF,North Carolina,Jr.
HarryGiles,6-10,230,PF/C,Duke,Fr.
JustinPatton,6-11,230,C,Creighton,Fr.
CamOliver,6-8,240,PF,Nevada,So.
WesleyIwundu,6-7,195,SG/SF,Kansas State,Sr.
JawunEvans,6-0,185,PG,Oklahoma State,So.
JordanBell,6-8,225,PF/C,Oregon,Jr.
DJWilson,6-10,235,PF,Michigan,Jr.
CalebSwanigan,6-9,250,PF/C,Purdue,So.
DerrickWhite,6-4,190,PG/SG,Colorado,Sr.
FrankJackson,6-3,200,PG/SG,Duke,Fr.
TylerLydon,6-9,215,PF,Syracuse,So.
JoshHart,6-5,210,SG,Villanova,Sr.
OGAnunoby,6-7,235,SF/PF,Indiana,So.
TonyBradley,6-10,250,C,North Carolina,Fr.
PJDozier,6-6,200,PG/SG,South Carolina,So.
SindariusThornwell,6-5,210,SG,South Carolina,Sr.
FrankMason,6-0,190,PG,Kansas,Sr.
SemiOjeleye,6-6,240,SF/PF,SMU,Jr.
TylerDorsey,6-4,185,SG,Oregon,So.
IkeAnigbogu,6-10,250,C,UCLA,Fr.
AlecPeters,6-8,235,PF,Valparaiso,Sr.
JaronBlossomgame,6-7,220,SF,Clemson,Sr.
JohnathanMotley,6-9,240,PF,Baylor,Jr.
DwayneBacon,6-6,220,SG/SF,Florida St.,So.
DamyeanDotson,6-6,205,SG/SF,Houston,Sr.
SterlingBrown,6-5,225,SG/SF,SMU,Sr.
KadeemAllen,6-2,190,SG,Arizona,Sr.
EdmondSumner,6-5,175,PG/SG,Xavier,So.
DillonBrooks,6-6,220,SF,Oregon,Jr.
LJPeak,6-4,215,SG,Georgetown,Jr.
VJBeachem,6-7,195,SF,Notre Dame,Sr.
MonteMorris,6-2,175,PG,Iowa St.,Sr.
CharlesCooke,6-5,190,SG,Dayton,Sr.
KobiSimmons,6-4,170,PG/SG,Arizona,Fr.
AntonioBlakeney,6-4,195,SG,LSU,So.
DevinRobinson,6-8,190,SF/PF,Florida,Jr.
NigelWilliams-Goss,6-3,190,PG,Gonzaga,Jr.
IsaiahHicks,6-8,235,PF,North Carolina,Sr.
ThomasBryant,6-11,250,C,Indiana,So.
MeloTrimble,6-2,195,PG,Maryland,Jr.
ChanceComanche,6-11,215,PF/C,Arizona,So.
DavonReed,6-6,205,SG/SF,Miami,Sr.
ChrisBoucher,6-9,185,PF/C,Oregon,Sr.
JaylenJohnson,6-9,230,PF,Louisville,Jr.
MosesKingsley,6-10,230,C,Arkansas,Sr.
IsaacHumphries,7-0,260,C,Kentucky,So.
BronsonKoenig,6-3,190,PG,Wisconsin,Sr.
JacobWiley,6-7,215,PF,Eastern Washington,Sr.
AndrewWhite,6-7,220,SF,Syracuse,Sr.
PeterJok,6-5,205,SG,Iowa,Sr.
EricMika,6-10,230,PF/C,BYU,So.
LukeKornet,7-1,250,C,Vanderbilt,Sr.
IsaiahBriscoe,6-2,220,PG/SG,Kentucky,So.
JustinTuoyo,6-9,230,PF/C,Chattanooga,Sr.
JalenMoore,6-8,215,SF,Utah State,Sr.
KennedyMeeks,6-10,275,C,North Carolina,Sr.
DerrickWalton,6-0,190,PG,Michigan,Sr.
JamesBlackmon,6-3,200,SG,Indiana,Jr.
ZakIrvin,6-6,210,SG,Michigan,Sr.
JabariBird,6-6,200,SG,California,Sr.
JamelArtis,6-7,215,SF,Pittsburgh,Sr.
NigelHayes,6-7,255,PF,Wisconsin,Sr.
LandenLucas,6-10,240,C,Kansas,Sr.
XavierRathan-Mayes,6-3,210,PG/SG,Florida St.,Jr.
AustinNichols,6-9,235,PF,Virginia,Jr.
TylerRoberson,6-8,225,PF,Syracuse,Sr.
AmidaBrimah,6-11,230,C,UConn,Sr.
DeandreAyton,7-0,260,C,Arizona,Fr.
MarvinBagley,6-11,235,PF,Duke,Fr.
JarenJackson,6-11,235,PF/C,Michigan St.,Fr.
TraeYoung,6-2,180,PG,Oklahoma,Fr.
WendellCarter,6-10,250,C,Duke,Fr.
MichaelPorter,6-11,210,SF,Missouri,Fr.
MikalBridges,6-7,210,SG/SF,Villanova,Jr.
MohamedBamba,7-0,225,C,Texas,Fr.
ShaiGilgeous-Alexander,6-6,180,PG,Kentucky,Fr.
JeromeRobinson,6-5,190,SG,Boston College,Jr.
DonteDiVincenzo,6-5,200,SG,Villanova,So.
ZhaireSmith,6-4,200,SG,Texas Tech,Fr.
CollinSexton,6-2,185,PG,Alabama,Fr.
KevinKnox,6-9,215,SF/PF,Kentucky,Fr.
LonnieWalker,6-5,195,SG,Miami,Fr.
KevinHuerter,6-7,195,SG,Maryland,So.
MilesBridges,6-6,220,SF/PF,Michigan St.,So.
RobertWilliams,6-9,240,PF/C,Texas A&M,So.
TroyBrown,6-7,210,SG,Oregon,Fr.
KhyriThomas,6-4,200,SG,Creighton,Jr.
GaryTrent,6-5,205,SG,Duke,Fr.
GraysonAllen,6-4,200,SG,Duke,Sr.
ChandlerHutchison,6-7,195,SG/SF,Boise State,Sr.
MitchellRobinson,7-1,225,C,USA,Fr.
AaronHoliday,6-1,185,PG,UCLA,Jr.
MoritzWagner,6-11,240,PF/C,Michigan,Jr.
JoshOkogie,6-4,210,SG/SF,Georgia Tech,So.
JacobEvans,6-5,200,SG/SF,Cincinnati,Jr.
LandryShamet,6-5,190,PG/SG,Wichita State,So.
JalenBrunson,6-2,200,PG,Villanova,Jr.
De'AnthonyMelton,6-3,195,PG/SG,USC,So.
OmariSpellman,6-9,255,PF/C,Villanova,Fr.
KeitaBates-Diop,6-8,225,SF/PF,Ohio St.,Jr.
MelvinFrazier,6-6,200,SG/SF,Tulane,Jr.
RawleAlkins,6-4,220,SG,Arizona,So.
JarredVanderbilt,6-9,215,SF,Kentucky,Fr.
TrevonDuval,6-3,190,PG,Duke,Fr.
BrandonMcCoy,7-1,250,C,UNLV,Fr.
AlizeJohnson,6-8,215,PF,Missouri State,Sr.
ChimezieMetu,6-10,220,PF/C,USC,Jr.
RaymondSpalding,6-10,215,PF,Louisville,Jr.
SviatoslavMykhailiuk,6-8,210,SG,Kansas,Sr.
KeenanEvans,6-3,185,PG/SG,Texas Tech,Sr.
BruceBrown,6-5,195,SG,Miami,So.
ShakeMilton,6-6,205,PG/SG,SMU,Jr.
HamidouDiallo,6-5,195,SG,Kentucky,Fr.
KevinHervey,6-8,215,SF/PF,Texas Arlington,Sr.
JevonCarter,6-1,195,PG,West Virginia,Sr.
TonyCarr,6-4,200,PG,Penn State,So.
JustinJackson,6-7,230,SF/PF,Maryland,So.
KenrichWilliams,6-7,200,SF,TCU,Sr.
KelanMartin,6-6,230,SF/PF,Butler,Sr.
MalikNewman,6-4,190,SG,Kansas,So.
DevonteGraham,6-1,185,PG,Kansas,Sr.
YanteMaten,6-8,245,PF,Georgia,Sr.
JaylenBarford,6-2,205,SG,Arkansas,Sr.
RobGray,6-1,185,PG/SG,Houston,Sr.
AllonzoTrier,6-5,200,SG,Arizona,Jr.
DJHogg,6-8,220,SF/PF,Texas A&M,Jr.
DikembeDixson,6-7,200,SF,Illinois-Chicago,Sr.
JPMacura,6-5,205,SG,Xavier,Sr.
TylerDavis,6-10,270,C,Texas A&M,Jr.
IsaacHaas,7-2,300,C,Purdue,Sr.
JaylenAdams,6-2,190,PG/SG,St. Bonaventure,Sr.
GaryClark,6-7,220,PF,Cincinnati,Sr.
VinceEdwards,6-8,225,SF,Purdue,Sr.
DevonHall,6-5,205,PG/SG,Virginia,Sr.
GeorgeKing,6-6,220,SF,Colorado,Sr.
BonzieColson,6-5,225,SF/PF,Notre Dame,Sr.
JohnathanWilliams,6-8,225,PF,Gonzaga,Sr.
DengAdel,6-7,200,SF,Louisville,Jr.
KendallStephens,6-7,205,SG/SF,Nevada,Sr.
JoelBerry,6-0,195,PG,North Carolina,Sr.
TheoPinson,6-6,210,SG,North Carolina,Sr.
DonteGrantham,6-8,215,SF/PF,Clemson,Sr.
TraHolder,6-1,180,PG,Arizona St.,Sr.
KostasAntetokounmpo,6-10,195,SF/PF,Dayton,Fr.
ThomasWilder,6-3,190,PG,Western Michigan,Sr.
JoLual-Acuil,7-0,225,C,Baylor,Sr.
MalikPope,6-9,220,PF,San Diego St.,Sr.
AjdinPenava,6-9,220,PF,Marshall,Jr.
WenyenGabriel,6-9,205,SF/PF,Kentucky,So.
JaredTerrell,6-3,215,SG,Rhode Island,Sr.
MarcusFoster,6-2,215,PG/SG,Creighton,Sr.
Muhammad-AliAbdur-Rahkman,6-4,190,SG,Michigan,Sr.
TrevonBluiett,6-5,215,SG,Xavier,Sr.
KyleWashington,6-9,240,PF,Cincinnati,Sr.
ChrisChiozza,6-0,175,PG,Florida,Sr.
AnasMahmoud,7-0,215,C,Louisville,Sr.
JockLandale,6-11,255,C,St. Mary's,Sr.
KendrickNunn,6-3,190,SG,Oakland,Sr.
ZionWilliamson,6-6,280,PF,Duke,Fr.
JaMorant,6-3,175,PG,Murray St.,So.
RJBarrett,6-7,210,SG,Duke,Fr.
CobyWhite,6-5,190,PG/SG,North Carolina,Fr.
RuiHachimura,6-8,235,SF/PF,Gonzaga,Jr.
DeAndreHunter,6-7,225,SF/PF,Virginia,So.
DariusGarland,6-2,175,PG,Vanderbilt,Fr.
NassirLittle,6-6,225,SF,North Carolina,Fr.
KeldonJohnson,6-6,215,SG/SF,Kentucky,Fr.
BrunoFernando,6-10,240,C,Maryland,So.
JaxsonHayes,6-11,220,PC,Texas,Fr.
JarrettCulver,6-6,195,SG,Texas Tech,So.
MfionduKabengele,6-10,255,C,Florida St.,So.
MatisseThybulle,6-6,200,SG/SF,Washington,Sr.
CameronReddish,6-8,210,SG/SF,Duke,Fr.
RomeoLangford,6-6,210,SG,Indiana,Fr.
NickeilAlexander-Walker,6-5,205,SG,Virginia Tech,So.
PJWashington,6-8,230,PF,Kentucky,So.
NicolasClaxton,6-11,215,PF,Georgia,So.
BolBol,7-2,210,C,Oregon,Fr.
BrandonClarke,6-8,210,PF/C,Gonzaga,Jr.
KZOkpala,6-8,210,SG/SF,Stanford,So.
ChumaOkeke,6-8,235,SF/PF,Auburn,So.
TylerHerro,6-6,195,SG,Kentucky,Fr.
EricPaschall,6-7,255,PF,Villanova,Sr.
DylanWindler,6-7,195,SG/SF,Belmont,Sr.
CameronJohnson,6-8,205,SF,North Carolina,Sr.
NazReid,6-10,255,C,LSU,Fr.
TyJerome,6-5,195,PG,Virginia,Jr.
LouisKing,6-8,195,SF,Oregon,Fr.
DanielGafford,6-10,240,PF/C,Arkansas,So.
KevinPorter,6-5,215,SG/SF,USC,Fr.
CarsenEdwards,6-0,200,PG,Purdue,Jr.
JalenMcDaniels,6-9,190,SF/PF,San Diego St.,So.
KyBowman,6-2,180,PG,Boston College,Jr.
TeranceMann,6-6,205,SG,Florida St.,Sr.
DaQuanJeffries,6-5,215,SF,,Sr.
JordanBone,6-3,180,PG,Tennessee,Jr.
JustinWright-Foreman,6-2,190,PG/SG,Hofstra,Sr.
GrantWilliams,6-7,240,PF,Tennessee,Jr.
JaylenNowell,6-4,200,PG/SG,Washington,So.
ZylanCheatham,6-8,220,SF/PF,Arizona St.,Sr.
TerenceDavis,6-4,190,PG/SG,Mississippi,Sr.
OshaeBrissett,6-8,205,SF,Syracuse,So.
JontayPorter,6-11,210,PF/C,Missouri,So.
JaylenHoard,6-8,215,SF/PF,Wake Forest,Fr.
KennyWooten,6-9,230,PF/C,Oregon,So.
IsaiahRoby,6-8,215,SF/PF,Nebraska,Jr.
MarialShayok,6-6,195,SG/SF,Iowa St.,Sr.
ZachNorvell,6-6,205,SG,Gonzaga,So.
JaylenHands,6-3,180,PG,UCLA,So.
TackoFall,7-6,290,C,Central Florida,Sr.
KyleGuy,6-2,170,PG/SG,Virginia,Jr.
SimiShittu,6-10,230,PF,Vanderbilt,Fr.
TylerCook,6-8,245,PF,Iowa,Jr.
TalenHorton-Tucker,6-4,235,SG/SF,Iowa St.,Fr.
LuguentzDort,6-4,220,SG,Arizona St.,Fr.
CharlieBrown,6-7,200,SG,St. Joseph's,So.
LindellWigginton,6-2,190,PG,Iowa St.,So.
MiyeOni,6-5,205,SG,Yale,Jr.
AdmiralSchofield,6-5,240,SF,Tennessee,Sr.
TyusBattle,6-6,205,SG,Syracuse,Jr.
AubreyDawkins,6-6,205,SG/SF,Central Florida,Jr.
JamesPalmer,6-6,210,SG,Nebraska,Sr.
IgnasBrazdeikis,6-7,220,SF,Michigan,Fr.
ShamoriePonds,6-1,180,PG,St. Johns,Jr.
D'MarcusSimonds,6-3,195,PG/SG,Georgia St.,Jr.
CalebMartin,6-6,200,SG/SF,Nevada,Sr.
JordanPoole,6-5,190,PG/SG,Michigan,So.
DewanHernandez,6-10,235,C,Miami,Jr.
MarquesBolden,6-11,250,C,Duke,Jr.
AricHolman,6-10,225,PF,Mississippi St.,Sr.
MattMorgan,6-2,180,SG,Cornell,Sr.
ChrisClemons,5-9,180,PG,Campbell,Sr.
RobertFranks,6-8,230,SF/PF,Washington State,Sr.
QuinndaryWeatherspoon,6-4,205,SG,Mississippi St.,Sr.
CharlesMatthews,6-6,195,SG,Michigan,Jr.
ChristKoumadje,7-4,265,C,Florida St.,Sr.
DontaHall,6-9,230,C,Alabama,Sr.
DedricLawson,6-8,235,PF,Kansas,Jr.
BennieBoatwright,6-10,230,PF,USC,Sr.
CJMassinburg,6-3,195,SG,Buffalo,Sr.
CodyMartin,6-6,190,SG,Nevada,Sr.
JarreyFoster,6-6,220,SF,SMU,Sr.
BarryBrown,6-3,195,PG/SG,Kansas State,Sr.
JarrellBrantley,6-7,255,PF,Charleston,Sr.
AnthonyEdwards,6-5,225,SG,Georgia,Fr.
JamesWiseman,7-1,235,C,Memphis,Fr.
ObiToppin,6-9,220,PF,Dayton,So.
ColeAnthony,6-2,185,PG,North Carolina,Fr.
JadenMcDaniels,6-10,185,SF/PF,Washington,Fr.
VernonCarey,6-10,265,PF/C,Duke,Fr.
NicoMannion,6-3,190,PG,Arizona,Fr.
PreciousAchiuwa,6-9,225,SF/PF,Memphis,Fr.
N'FalyDante,6-11,240,C,Mali,Fr.
OnyekaOkongwu,6-9,235,PF/C,USC,Fr.
TyreseHaliburton,6-5,185,PG,Iowa St.,So.
IsaiahStewart,6-9,245,PF/C,Washington,Fr.
ZekeNnaji,6-11,240,PF/C,Arizona,Fr.
OchaiAgbaji,6-5,210,SG,Kansas,So.
DanielOturu,6-10,240,C,Minnesota,So.
AaronNesmith,6-6,215,SG/SF,Vanderbilt,So.
JordanNwora,6-7,220,SF,Louisville,Jr.
JayScrubb,6-6,220,SG,JUCO,So.
JoshGreen,6-5,200,SG,Arizona,Fr.
AshtonHagans,6-3,190,PG,Kentucky,So.
DevonDotson,6-1,180,PG,Kansas,So.
TyreseMaxey,6-2,190,SG,Kentucky,Fr.
CJElleby,6-6,185,SF,Washington State,So.
PaulReed,6-9,210,PF,DePaul,Jr.
DJCarton,6-2,190,PG,Marquette,Fr.
OmerYurtseven,7-0,275,C,Georgetown,Jr.
UdokaAzubuike,6-11,280,C,Kansas,Sr.
TylerBey,6-7,215,SF/PF,Colorado,Jr.
JalenSmith,6-10,215,PF,Maryland,So.
StevenEnoch,6-10,250,C,Louisville,Sr.
FilipPetrusev,6-11,225,C,Gonzaga,So.
AJLawson,6-6,165,SG,South Carolina,So.
TyrellTerry,6-3,170,PG,Stanford,Fr.
MarkusHoward,5-11,175,PG,Marquette,Sr.
AaronHenry,6-6,220,SG/SF,Michigan St.,So.
TreJones,6-2,185,PG,Duke,So.
AntonWatson,6-9,205,SF/PF,Gonzaga,Fr.
DevinVassell,6-7,195,SG,Florida St.,So.
MalachiFlynn,6-2,175,PG,San Diego St.,Jr.
SaddiqBey,6-8,215,SF,Villanova,So.
AustinWiley,6-10,260,C,Auburn,Sr.
IsaiahJoe,6-5,165,PG/SG,Arkansas,So.
ReggiePerry,6-9,250,PF,Mississippi St.,So.
PaytonPritchard,6-2,195,PG,Oregon,Sr.
MamadiDiakite,6-9,230,PF,Virginia,Sr.
ScottieLewis,6-5,180,SG/SF,Florida,Fr.
ChrisSmith,6-8,205,SF/PF,UCLA,Jr.
LandersNolley,6-7,230,SG,Memphis,So.
TerrenceShannon,6-6,210,SG/SF,Texas Tech,Fr.
RomeoWeems,6-7,210,SF,DePaul,Fr.
NahziahCarter,6-6,205,SF,Washington,Jr.
JahmiusRamsey,6-3,190,PG/SG,Texas Tech,Fr.
CassiusWinston,6-1,185,PG,Michigan St.,Sr.
CassiusStanley,6-5,190,SG,Duke,Fr.
CoreyKispert,6-6,215,SF,Gonzaga,Jr.
DavidDuke,6-5,200,PG/SG,Providence,So.
KillianTillie,6-10,220,PF,Gonzaga,Sr.
NickRichards,6-11,245,C,Kentucky,Jr.
MustaphaHeron,6-5,220,SG,St. Johns,Sr.
JordanBowden,6-5,185,SG,Tennessee,Sr.
KiraLewis,6-3,165,PG,Alabama,So.
JeremiahRobinson-Earl,6-9,230,PF,Villanova,Fr.
JamesAkinjo,6-0,170,PG,,So.
RayshaunHammonds,6-8,235,PF,Georgia,Jr.
KeyontaeJohnson,6-5,225,SG,Florida,So.
BryanAntoine,6-5,170,SG,Villanova,Fr.
DavideMoretti,6-2,185,PG/SG,Texas Tech,So.
DesmondBane,6-5,220,SG,TCU,Sr.
TrendonWatford,6-8,225,SF,LSU,Fr.
TyShonAlexander,6-4,200,PG/SG,Creighton,So.
AaronWiggins,6-6,180,SG,Maryland,So.
KarimMane,6-4,200,SG,,So.
AyoDosunmu,6-4,185,PG/SG,Illinois,So.
MalikFitts,6-8,230,SF,St. Mary's,Jr.
JohnPetty,6-5,195,SG,Alabama,Jr.
CourtneyRamey,6-3,185,PG,Texas,So.
LamarStevens,6-7,230,SF/PF,Penn State,Sr.
BothGach,6-7,195,SG/SF,Utah,So.
SamuellWilliamson,6-6,185,SG/SF,Louisville,Fr.
KahlilWhitney,6-7,200,SF,Kentucky,Fr.
NajiMarshall,6-7,220,SG/SF,Xavier,Jr.
MatthewHurt,6-9,215,SF/PF,Undecided,Fr.
AndrewNembhard,6-4,190,PG,Florida,So.
CharlesBassey,6-10,240,PF/C,Western Kentucky,So.
MichaelDevoe,6-5,195,PG/SG,Georgia Tech,So.
KalebWesson,6-9,270,C,Ohio St.,So.
GarrisonBrooks,6-9,230,PF/C,North Carolina,Jr.
MattHaarms,7-2,250,C,Purdue,Jr.
