Player,Seasons,Wins Added,WA / Season,Career LEBRON,Career O-LEBRON,Career D-LEBRON
LeBron James,12,167.4,14.0,+6.07,+5.24,+0.83
Chris Paul,12,135.1,11.3,+5.50,+4.38,+1.13
Kevin Durant,11,128.2,11.7,+4.99,+4.61,+0.37
Nikola Jokic,6,63.6,10.6,+4.85,+3.67,+1.18
Joel Embiid,5,36.4,7.3,+4.65,+2.54,+2.11
Kawhi Leonard,10,81.7,8.2,+4.62,+2.79,+1.84
James Harden,12,134.7,11.2,+4.50,+4.98,-0.48
Stephen Curry,12,114.9,9.6,+4.42,+4.46,-0.04
Rudy Gobert,8,71.2,8.9,+4.38,+0.33,+4.05
Anthony Davis,9,83.8,9.3,+4.26,+2.30,+1.96
Tim Duncan,7,60.8,8.7,+4.15,+0.75,+3.40
Giannis Antetokounmpo,8,78.9,9.9,+4.06,+2.15,+1.91
Russell Westbrook,12,118.8,9.9,+3.68,+3.60,+0.08
Dwight Howard,12,85.1,7.1,+3.10,+0.33,+2.77
Luka Doncic,3,25.2,8.4,+3.44,+4.17,-0.73
Paul George,11,87.0,7.9,+3.23,+1.94,+1.29
Kyle Lowry,12,97.1,8.1,+3.20,+2.63,+0.57
Damian Lillard,9,90.0,10.0,+3.17,+4.35,-1.18
Draymond Green,9,66.6,7.4,+3.24,+0.22,+3.01
Kevin Garnett,7,38.4,5.5,+3.05,-0.09,+3.14
Karl-Anthony Towns,6,51.1,8.5,+3.19,+2.88,+0.31
Jimmy Butler,10,75.7,7.6,+3.15,+2.33,+0.82
Hassan Whiteside,9,40.7,4.5,+3.02,+0.32,+2.70
Manu Ginobili,9,47.1,5.2,+2.91,+2.39,+0.52
Zion Williamson,2,9.8,4.9,+3.15,+3.48,-0.33
Mike Conley,12,82.3,6.9,+2.71,+2.26,+0.45
Jayson Tatum,4,32.0,8.0,+2.79,+1.45,+1.33
Kevin Love,12,70.2,5.8,+2.62,+2.56,+0.06
Paul Millsap,12,79.4,6.6,+2.52,+0.99,+1.53
Dirk Nowitzki,10,64.9,6.5,+2.40,+1.74,+0.66
LaMarcus Aldridge,12,87.6,7.3,+2.36,+1.53,+0.83
Blake Griffin,11,71.3,6.5,+2.37,+2.16,+0.21
Marc Gasol,12,81.9,6.8,+2.38,+0.17,+2.21
Jason Kidd,4,29.2,7.3,+2.58,+1.05,+1.52
Chris Bosh,7,49.0,7.0,+2.38,+1.33,+1.05
Dwyane Wade,10,61.7,6.2,+2.19,+2.36,-0.17
Steve Nash,5,27.8,5.6,+2.29,+3.29,-1.00
Kyrie Irving,10,59.3,5.9,+2.20,+3.18,-0.99
Pau Gasol,10,59.3,5.9,+2.10,+0.92,+1.18
Kristaps Porzingis,5,26.2,5.2,+2.09,+0.74,+1.35
Kobe Bryant,7,39.7,5.7,+1.91,+3.17,-1.27
Clint Capela,7,32.1,4.6,+2.23,+0.38,+1.86
DeAndre Jordan,12,72.0,6.0,+2.06,-0.14,+2.20
Kemba Walker,10,68.1,6.8,+1.99,+2.40,-0.40
DeMarcus Cousins,10,53.8,5.4,+1.99,+0.89,+1.10
Andre Drummond,9,57.6,6.4,+2.05,+0.20,+1.84
Ricky Rubio,10,56.9,5.7,+2.14,+1.08,+1.06
Paul Pierce,8,43.2,5.4,+1.92,+1.11,+0.81
Andrew Bogut,10,32.6,3.3,+1.96,-1.60,+3.57
Marcus Camby,4,17.0,4.2,+2.36,-0.55,+2.92
Deron Williams,8,51.2,6.4,+1.95,+2.64,-0.70
Josh Smith,8,44.4,5.6,+1.75,-0.04,+1.79
Danny Granger,6,23.0,3.8,+1.68,+1.71,-0.03
Jusuf Nurkic,7,23.6,3.4,+1.99,-0.45,+2.43
Al Horford,12,64.3,5.4,+1.73,+0.58,+1.15
Fred VanVleet,5,20.9,4.2,+1.93,+1.30,+0.62
John Wall,10,59.1,5.9,+1.75,+1.52,+0.23
Joakim Noah,11,41.9,3.8,+1.83,-0.22,+2.05
Bam Adebayo,4,21.6,5.4,+1.81,+0.18,+1.63
Nene,10,38.3,3.8,+1.60,-0.13,+1.73
Chris Andersen,8,17.8,2.2,+1.74,-0.44,+2.18
Michael Porter Jr.,2,8.4,4.2,+2.13,+1.86,+0.27
Chris Boucher,4,6.3,1.6,+1.58,+1.11,+0.47
Ben Simmons,4,25.5,6.4,+1.77,+0.62,+1.16
Andrew Bynum,4,15.6,3.9,+1.52,+0.02,+1.50
Danny Green,12,51.1,4.3,+1.63,+0.25,+1.38
Robert Covington,8,37.7,4.7,+1.68,-0.36,+2.04
Andre Iguodala,12,61.1,5.1,+1.59,+0.50,+1.09
Ben Wallace,3,11.5,3.8,+1.81,-1.39,+3.20
Baron Davis,3,13.0,4.3,+1.78,+1.77,+0.01
Christian Wood,5,8.1,1.6,+1.52,+0.79,+0.73
Danilo Gallinari,11,52.2,4.7,+1.66,+1.70,-0.04
Alan Williams,4,2.3,0.6,+1.60,+0.39,+1.21
Derrick White,4,12.7,3.2,+1.80,+0.86,+0.94
Tiago Splitter,7,17.0,2.4,+1.43,-0.07,+1.50
Boban Marjanovic,6,6.6,1.1,+1.59,+1.36,+0.23
George Hill,12,53.4,4.5,+1.47,+1.07,+0.40
Andrei Kirilenko,5,16.9,3.4,+1.53,+0.32,+1.21
Nikola Mirotic,5,19.9,4.0,+1.55,+1.22,+0.33
Brook Lopez,12,54.8,4.6,+1.20,+0.29,+0.91
Pascal Siakam,5,23.6,4.7,+1.53,+0.50,+1.04
Mitchell Robinson,3,9.4,3.1,+1.56,-0.33,+1.89
Eric Bledsoe,11,50.4,4.6,+1.53,+0.84,+0.70
Robert Williams III,3,4.0,1.3,+1.33,-0.18,+1.51
Anderson Varejao,9,19.9,2.2,+1.47,+0.05,+1.41
Donovan Mitchell,4,22.7,5.7,+1.32,+1.79,-0.47
Khris Middleton,9,46.9,5.2,+1.48,+1.11,+0.37
Lamar Odom,4,20.0,5.0,+1.50,+0.03,+1.47
Jrue Holiday,12,63.6,5.3,+1.41,+1.05,+0.36
Eric Moreland,4,2.2,0.6,+1.36,-1.84,+3.21
Gerald Wallace,6,28.9,4.8,+1.40,-0.31,+1.71
Andre Miller,7,28.4,4.1,+1.29,+1.58,-0.29
Salah Mejri,4,5.8,1.5,+1.27,-1.60,+2.87
Otto Porter Jr.,8,27.8,3.5,+1.25,+0.45,+0.80
David West,9,38.6,4.3,+1.01,+0.25,+0.77
Amir Johnson,10,36.4,3.6,+1.00,-0.40,+1.40
Serge Ibaka,12,57.1,4.8,+1.24,-0.31,+1.55
Jarrett Allen,4,16.4,4.1,+1.07,-0.21,+1.28
Zach Randolph,9,45.5,5.1,+1.20,+1.35,-0.16
Nikola Vucevic,10,47.4,4.7,+1.17,+0.19,+0.98
Chauncey Billups,5,15.8,3.2,+1.53,+2.58,-1.05
Isaiah Thomas,10,35.2,3.5,+1.15,+3.10,-1.95
Immanuel Quickley,1,2.7,2.7,+0.99,+1.73,-0.74
Shawn Long,1,0.5,0.5,+1.16,+1.54,-0.38
Donte DiVincenzo,3,8.6,2.9,+1.12,+0.01,+1.10
Klay Thompson,8,46.4,5.8,+1.10,+1.55,-0.45
Myles Turner,6,25.6,4.3,+1.13,-1.32,+2.44
Victor Oladipo,8,33.9,4.2,+1.09,+0.38,+0.71
Gordon Hayward,11,48.3,4.4,+1.09,+1.33,-0.24
Richaun Holmes,6,15.5,2.6,+1.08,+0.24,+0.84
Tyson Chandler,11,35.3,3.2,+0.88,-0.91,+1.79
Patrick Beverley,9,28.7,3.2,+1.00,+0.36,+0.64
Greg Oden,2,1.5,0.8,+0.85,-0.78,+1.63
Al Jefferson,9,34.4,3.8,+0.70,+0.27,+0.43
Derrick Favors,11,41.0,3.7,+0.99,-0.35,+1.35
Ty Lawson,8,34.6,4.3,+0.90,+2.00,-1.10
Dejounte Murray,4,13.4,3.3,+1.09,-0.27,+1.35
Nicolas Claxton,2,1.8,0.9,+1.10,-0.88,+1.98
Ivica Zubac,5,10.7,2.1,+0.91,-0.68,+1.59
Larry Sanders,6,10.2,1.7,+0.98,-2.27,+3.25
Brandon Roy,3,8.6,2.9,+1.02,+2.25,-1.22
Montrezl Harrell,6,17.7,3.0,+0.91,+0.90,+0.01
Kenneth Faried,8,25.1,3.1,+0.89,+0.81,+0.08
CJ McCollum,8,36.3,4.5,+0.98,+1.60,-0.61
Jeff Withey,5,4.5,0.9,+0.94,-0.69,+1.63
Jakob Poeltl,5,14.9,3.0,+1.15,-0.49,+1.64
Channing Frye,9,30.7,3.4,+0.92,+0.67,+0.25
Brandan Wright,8,12.6,1.6,+0.89,+0.36,+0.53
Carmelo Anthony,12,55.1,4.6,+0.91,+1.94,-1.03
Steven Adams,8,34.0,4.3,+0.91,-0.23,+1.13
Bradley Beal,9,46.3,5.1,+0.99,+1.87,-0.87
Luol Deng,10,42.2,4.2,+0.88,+0.38,+0.49
Brandon Clarke,2,6.0,3.0,+0.97,+0.22,+0.75
Joe Ingles,7,30.2,4.3,+0.91,+0.28,+0.63
Vince Carter,11,36.5,3.3,+0.88,+0.60,+0.28
Marcin Gortat,10,41.6,4.2,+0.82,-0.76,+1.58
Daniel Theis,4,11.3,2.8,+1.05,-0.55,+1.60
Lucas Nogueira,4,3.7,0.9,+0.82,-1.37,+2.19
Tony Allen,9,26.3,2.9,+0.77,-1.04,+1.81
Ryan Anderson,11,30.7,2.8,+0.67,+2.08,-1.41
Elton Brand,7,19.8,2.8,+0.52,-0.90,+1.42
Jonas Valanciunas,9,33.3,3.7,+0.82,+0.00,+0.82
Chris Chiozza,3,1.4,0.5,+0.81,+0.64,+0.17
Kyle O'Quinn,8,13.9,1.7,+0.79,-0.60,+1.39
De'Anthony Melton,3,6.7,2.2,+0.84,-0.36,+1.20
Matt Bonner,7,13.5,1.9,+0.74,+0.70,+0.04
Aaron Gordon,7,26.1,3.7,+0.72,+0.39,+0.33
Shane Battier,5,20.2,4.0,+0.94,+0.08,+0.86
Rasheed Wallace,2,4.4,2.2,+0.84,-1.05,+1.89
Domantas Sabonis,5,19.5,3.9,+0.71,-0.24,+0.95
Goran Dragic,12,45.5,3.8,+0.59,+1.49,-0.90
Jeff Foster,3,2.8,0.9,+0.81,-0.05,+0.86
Mason Plumlee,8,26.1,3.3,+0.70,-0.36,+1.06
Jae Crowder,9,33.4,3.7,+0.69,+0.30,+0.38
John Collins,4,14.1,3.5,+0.79,+0.81,-0.02
Jeff Teague,12,43.7,3.6,+0.64,+0.79,-0.15
Marcus Smart,7,25.9,3.7,+0.63,+0.04,+0.59
Jared Sullinger,5,12.9,2.6,+0.64,-0.09,+0.73
Metta World Peace,7,21.2,3.0,+0.74,-0.06,+0.80
Malcolm Brogdon,5,17.9,3.6,+0.71,+1.10,-0.39
Tony Parker,10,34.9,3.5,+0.61,+0.94,-0.33
Duncan Robinson,3,9.9,3.3,+0.90,+0.59,+0.31
Jamal Murray,5,20.0,4.0,+0.58,+1.35,-0.77
Tyus Jones,6,12.9,2.1,+0.51,+0.55,-0.04
Greg Monroe,9,31.2,3.5,+0.37,+0.55,-0.18
Jonathan Isaac,3,6.8,2.3,+0.61,-1.58,+2.19
Nikola Pekovic,6,12.2,2.0,+0.40,+0.27,+0.14
Derrick Rose,11,32.9,3.0,+0.49,+1.58,-1.10
Kyle Anderson,7,18.3,2.6,+0.70,-1.01,+1.70
Michael Kidd-Gilchrist,8,21.3,2.7,+0.60,-1.05,+1.64
Shaquille O'Neal,2,4.0,2.0,+0.66,-1.16,+1.82
Delon Wright,6,14.1,2.3,+0.64,+0.38,+0.26
Chandler Parsons,9,25.2,2.8,+0.53,+0.54,-0.01
Lonzo Ball,4,13.6,3.4,+0.60,-0.24,+0.84
Pierre Jackson,1,0.2,0.2,+0.55,+0.37,+0.18
Kelly Olynyk,8,25.1,3.1,+0.66,+0.07,+0.59
Nicolas Batum,12,47.0,3.9,+0.49,+0.53,-0.04
Amar'e Stoudemire,7,19.3,2.8,+0.22,+0.68,-0.46
Ray Allen,5,20.4,4.1,+0.41,+0.93,-0.53
Matt Mooney,1,0.0,0.0,+0.53,+0.01,+0.52
Naji Marshall,1,1.0,1.0,-0.16,-0.90,+0.74
Kyle Korver,11,35.6,3.2,+0.47,+0.54,-0.07
David Lee,8,27.2,3.4,+0.20,+0.47,-0.28
Larry Nance Jr.,6,15.8,2.6,+0.47,-0.63,+1.10
Antawn Jamison,5,14.1,2.8,+0.24,+1.21,-0.98
Alec Peters,1,0.4,0.4,+0.46,+0.70,-0.25
Rudy Gay,12,46.0,3.8,+0.48,+0.40,+0.08
Davis Bertans,5,12.0,2.4,+0.43,+0.70,-0.27
DeMar DeRozan,12,53.4,4.4,+0.35,+1.38,-1.03
Luke Kornet,4,3.8,0.9,+0.49,-0.35,+0.84
Spencer Dinwiddie,7,15.1,2.2,+0.43,+1.20,-0.77
Ersan Ilyasova,12,31.7,2.6,+0.33,+0.16,+0.17
Cody Zeller,8,19.6,2.5,+0.45,-0.54,+1.00
Morris Almond,1,0.1,0.1,-0.00,-0.02,+0.02
Rajon Rondo,12,39.3,3.3,+0.48,+0.23,+0.25
Jason Richardson,5,16.7,3.3,+0.75,+1.02,-0.27
Emeka Okafor,5,13.4,2.7,+0.25,-1.57,+1.82
Reggie Jackson,10,29.2,2.9,+0.48,+1.14,-0.66
Lou Williams,12,39.3,3.3,+0.41,+2.32,-1.91
Dwight Powell,7,14.5,2.1,+0.43,-0.26,+0.69
Andre Roberson,7,12.3,1.8,+0.40,-1.31,+1.72
Trae Young,3,12.8,4.3,+0.53,+3.62,-3.10
Gustavo Ayon,3,3.9,1.3,+0.27,-1.08,+1.35
JaVale McGee,12,19.9,1.7,+0.25,-0.84,+1.09
Thomas Bryant,4,5.3,1.3,+0.35,+0.07,+0.28
Brad Miller,3,5.9,2.0,+0.51,-0.16,+0.66
Carrick Felix,1,0.1,0.1,+0.37,+0.06,+0.31
Mikal Bridges,3,12.9,4.3,+0.52,-0.17,+0.69
Mario Chalmers,8,26.9,3.4,+0.45,-0.12,+0.57
Cory Jefferson,2,1.0,0.5,+0.36,-0.64,+0.99
DeMarre Carroll,11,24.6,2.2,+0.39,+0.13,+0.25
Ja Morant,2,8.2,4.1,+0.67,+1.43,-0.77
Mehmet Okur,3,5.2,1.7,+0.48,-0.09,+0.57
Josh Harrellson,3,1.6,0.5,+0.31,-0.87,+1.18
Alex Caruso,4,6.6,1.7,+0.53,-0.91,+1.44
Al-Farouq Aminu,11,31.8,2.9,+0.39,-0.83,+1.21
Trevor Ariza,12,47.5,4.0,+0.39,-0.08,+0.48
Malik Newman,1,0.0,0.0,+0.32,-0.05,+0.37
Chris Wright,3,0.5,0.2,+0.12,-0.24,+0.36
Patty Mills,12,25.1,2.1,+0.25,+1.19,-0.94
Tobias Harris,10,37.2,3.7,+0.33,+0.33,-0.00
Roy Hibbert,8,26.7,3.3,+0.29,-1.58,+1.87
Devin Harris,10,27.0,2.7,+0.40,+0.98,-0.58
Joe Johnson,9,37.5,4.2,+0.32,+1.33,-1.00
Nick Calathes,2,3.5,1.7,+0.29,-0.96,+1.25
Xavier Tillman,1,1.8,1.8,+0.16,-1.02,+1.18
JJ Redick,12,38.1,3.2,+0.29,+1.59,-1.30
Tacko Fall,2,0.3,0.2,+0.66,-0.34,+1.00
Mike Dunleavy,8,21.9,2.7,+0.31,+0.04,+0.27
Omer Asik,8,16.3,2.0,+0.34,-1.71,+2.05
Samuel Dalembert,6,14.2,2.4,+0.20,-1.77,+1.97
Nick Collison,9,15.7,1.7,+0.21,-0.72,+0.93
Eric Mika,1,0.0,0.0,+0.26,+0.07,+0.19
Elfrid Payton,7,21.1,3.0,+0.15,+0.36,-0.21
Taj Gibson,12,36.0,3.0,+0.26,-0.76,+1.02
Carlos Delfino,4,13.1,3.3,+0.46,+0.13,+0.33
Willie Warren,1,0.2,0.2,+0.32,-0.08,+0.40
Jameer Nelson,9,26.4,2.9,+0.24,+0.90,-0.67
Jeremy Evans,7,4.2,0.6,+0.07,-0.67,+0.74
Willie Cauley-Stein,6,15.2,2.5,+0.19,-1.05,+1.24
Matt Barnes,8,24.5,3.1,+0.21,+0.07,+0.13
Jordan Bell,4,3.2,0.8,+0.20,-0.71,+0.91
Pero Antic,2,3.3,1.7,+0.22,-0.03,+0.25
Jeremy Lin,9,20.2,2.2,+0.17,+0.07,+0.10
Brandon Jennings,9,27.2,3.0,+0.11,+1.08,-0.97
Jae'Sean Tate,1,2.6,2.6,-0.37,-0.17,-0.20
Adonis Thomas,1,0.1,0.1,+0.20,+0.03,+0.17
Royce O'Neale,4,12.7,3.2,+0.37,-1.01,+1.38
Cameron Johnson,2,4.7,2.4,+0.31,+0.25,+0.06
Ryan Bowen,1,0.0,0.0,-0.77,-0.07,-0.70
Dorell Wright,6,16.4,2.7,+0.23,+0.27,-0.04
Willie Reed,3,3.1,1.0,+0.15,-0.81,+0.95
Kyle Guy,2,0.3,0.1,-0.77,+0.10,-0.87
Jared Dudley,12,27.6,2.3,+0.04,-0.03,+0.07
Mo Bamba,3,3.7,1.2,+0.03,-1.49,+1.52
Wesley Matthews,12,41.9,3.5,+0.07,+0.32,-0.24
Devon Dotson,1,0.1,0.1,+0.43,+0.28,+0.15
Isaiah Hartenstein,3,1.9,0.6,+0.47,-0.46,+0.92
Dewayne Dedmon,8,12.1,1.5,+0.14,-1.35,+1.49
Orien Greene,1,0.0,0.0,+0.24,+0.08,+0.16
JR Smith,11,29.8,2.7,+0.13,+0.89,-0.76
Jeremiah Martin,2,0.2,0.1,-0.30,+0.01,-0.31
Tony Mitchell,2,0.1,0.1,+0.11,-0.05,+0.16
Jemerrio Jones,1,0.2,0.2,+0.11,-0.49,+0.60
Devonte' Graham,3,7.3,2.4,+0.11,+1.49,-1.38
Shayne Whittington,2,0.2,0.1,+0.11,+0.15,-0.05
Charlie Brown Jr.,2,0.2,0.1,-0.91,-0.68,-0.24
Kosta Koufos,10,16.8,1.7,+0.04,-1.29,+1.33
Larry Owens,2,0.3,0.2,-0.19,-0.47,+0.28
Ronny Turiaf,6,5.7,1.0,+0.07,-1.88,+1.95
David Wear,1,0.0,0.0,+0.09,+0.17,-0.08
Sim Bhullar,1,0.0,0.0,+0.08,+0.13,-0.04
Thaddeus Young,12,40.3,3.4,-0.06,-0.22,+0.16
Kelenna Azubuike,2,0.4,0.2,+0.04,+0.13,-0.09
Darington Hobson,1,0.1,0.1,-0.35,-0.21,-0.14
Pablo Prigioni,4,7.2,1.8,+0.05,-0.24,+0.29
Thabo Sefolosha,11,25.4,2.3,+0.18,-1.26,+1.43
Rondae Hollis-Jefferson,6,10.7,1.8,+0.07,-0.85,+0.92
David Stockton,2,0.1,0.0,+0.07,+0.17,-0.10
Ryan Reid,1,0.0,0.0,-1.04,-0.08,-0.96
Jack Cooley,2,0.3,0.1,+0.06,-0.04,+0.09
Keith Benson,1,0.0,0.0,-0.56,-0.18,-0.38
Darius Johnson-Odom,2,0.0,0.0,-0.09,-0.20,+0.10
Royce White,1,0.0,0.0,+0.05,-0.00,+0.06
Antonio Daniels,1,0.0,0.0,-0.57,-0.28,-0.29
Shane Edwards,1,0.0,0.0,+0.05,-0.24,+0.29
Jaylen Brown,5,14.3,2.9,-0.02,-0.18,+0.16
Tyreke Evans,10,27.4,2.7,-0.06,+0.75,-0.81
Joe Alexander,1,0.0,0.0,-0.08,+0.17,-0.24
Tony Bradley,4,2.5,0.6,+0.29,+0.04,+0.25
Wendell Carter Jr.,3,5.8,1.9,+0.01,-1.67,+1.69
Rudy Fernandez,3,7.0,2.3,+0.35,+0.64,-0.30
Jason Hart,1,0.0,0.0,+0.07,-0.20,+0.26
Deandre Ayton,3,9.4,3.1,+0.24,+0.03,+0.21
Vincent Hunter,1,0.0,0.0,+0.03,+0.06,-0.03
Cole Aldrich,8,5.3,0.7,+0.04,-1.56,+1.60
Othyus Jeffers,3,0.6,0.2,-0.24,-0.10,-0.14
CJ Miles,11,22.9,2.1,+0.07,+0.52,-0.45
De'Aaron Fox,4,12.8,3.2,+0.01,+0.92,-0.91
Shavlik Randolph,4,0.7,0.2,-0.16,-0.28,+0.12
Jeremy Lamb,9,16.8,1.9,-0.01,+0.13,-0.14
Marques Bolden,2,0.0,0.0,+0.03,-0.35,+0.38
Josh Akognon,1,0.0,0.0,-0.46,-0.18,-0.28
Kevon Looney,6,6.7,1.1,+0.03,-0.61,+0.63
Mike Harris,3,0.5,0.2,-0.09,-0.73,+0.63
Trey Gilder,1,0.0,0.0,-0.28,-0.15,-0.13
Gani Lawal,1,0.0,0.0,-0.42,-0.29,-0.13
Patrick Ewing,1,0.0,0.0,-0.32,-0.11,-0.20
Paul Davis,1,0.0,0.0,+0.10,+0.09,+0.01
Jaren Jackson Jr.,3,5.3,1.8,+0.05,-0.95,+1.00
Mangok Mathiang,1,0.0,0.0,-0.03,-0.28,+0.26
Dwayne Jones,1,0.0,0.0,-1.09,-0.49,-0.60
Jahmi'us Ramsey,1,0.1,0.1,-0.29,-0.01,-0.28
Carldell Johnson,1,0.2,0.2,-0.00,-0.02,+0.02
Gorgui Dieng,8,18.0,2.2,-0.04,-1.21,+1.17
Bruno Caboclo,7,2.0,0.3,-0.04,-0.64,+0.60
Josh Magette,2,0.4,0.2,-0.04,-0.07,+0.03
Marcus Paige,1,0.0,0.0,-0.05,-0.06,+0.02
Tahjere McCall,1,0.0,0.0,-0.05,-0.05,+0.01
Jalen Brunson,3,7.0,2.3,+0.12,+0.77,-0.65
Jarell Eddie,3,0.3,0.1,-0.05,+0.40,-0.45
Jordan Sibert,1,0.0,0.0,-0.06,+0.03,-0.09
Brendan Haywood,5,9.8,2.0,+0.08,-1.55,+1.63
Antonio Anderson,1,0.0,0.0,-1.04,-0.26,-0.79
Michael Gbinije,1,0.0,0.0,-0.08,-0.19,+0.10
Kentavious Caldwell-Pope,8,26.3,3.3,-0.07,+0.22,-0.29
Jeff Adrien,5,3.5,0.7,+0.11,-0.38,+0.49
Omari Johnson,1,0.1,0.1,-0.09,+0.29,-0.37
Steve Novak,8,6.1,0.8,-0.03,+0.93,-0.96
Josh Richardson,6,16.9,2.8,-0.09,-0.50,+0.40
Pape Sy,1,0.0,0.0,-0.46,-0.41,-0.05
Devin Cannady,1,0.1,0.1,-0.43,-0.43,+0.01
Talen Horton-Tucker,2,1.9,0.9,-0.30,-0.68,+0.38
Jeff Foote,1,0.1,0.1,-0.26,-0.16,-0.10
Nerlens Noel,7,13.7,2.0,-0.15,-2.65,+2.51
Ronald Dupree,1,0.0,0.0,-0.17,-0.15,-0.01
Robert Woodard II,1,0.1,0.1,-0.08,+0.05,-0.13
Jose Calderon,10,22.7,2.3,-0.15,+0.96,-1.11
Ray Spalding,2,0.2,0.1,-0.12,-0.55,+0.43
Roko Ukic,1,0.1,0.1,-0.18,+0.23,-0.41
Matisse Thybulle,2,4.2,2.1,+0.14,-1.50,+1.64
Phil Pressey,3,2.9,1.0,-0.13,-0.45,+0.32
DeJuan Blair,7,9.5,1.4,-0.29,-0.67,+0.38
Damion Lee,4,4.9,1.2,-0.08,-0.44,+0.35
Louis King,2,0.2,0.1,-0.19,-0.21,+0.02
Jameel Warney,1,0.0,0.0,-0.14,-0.12,-0.02
Luis Scola,8,18.7,2.3,-0.37,-0.44,+0.07
Mitchell Creek,1,0.1,0.1,-0.15,-0.04,-0.11
Vernon Macklin,1,0.2,0.2,+0.04,+0.24,-0.20
Michael Carter-Williams,8,14.3,1.8,-0.15,-0.77,+0.62
Billy Garrett,1,0.1,0.1,-0.16,-0.23,+0.08
Josh McRoberts,9,12.2,1.4,-0.02,-0.42,+0.40
Monte Morris,4,6.8,1.7,-0.18,+0.69,-0.87
Oliver Lafayette,1,0.0,0.0,-1.23,-0.37,-0.86
Antonio McDyess,2,4.4,2.2,-0.09,-1.50,+1.40
James Johnson,12,19.8,1.7,-0.20,-0.96,+0.75
Andray Blatche,5,9.8,2.0,-0.52,-0.34,-0.17
Marvin Williams,11,31.8,2.9,-0.06,-0.45,+0.39
Maurice Ager,1,0.0,0.0,+0.19,+0.05,+0.14
Ronnie Brewer,5,10.9,2.2,+0.33,-0.79,+1.12
Mario West,2,0.2,0.1,-0.86,-0.82,-0.04
Jerrelle Benimon,1,0.0,0.0,-0.17,+0.01,-0.19
Casper Ware,1,0.2,0.2,-0.18,-0.21,+0.04
Scotty Hopson,2,0.0,0.0,-0.18,-0.29,+0.12
Taylor Griffin,1,0.0,0.0,-1.15,-0.70,-0.45
Maxi Kleber,4,8.5,2.1,-0.18,-0.72,+0.55
Scott Machado,2,0.1,0.0,-0.42,-0.32,-0.11
Derrick Byars,1,0.0,0.0,-0.64,-0.21,-0.43
Josh Gray,2,0.2,0.1,-0.19,-0.31,+0.12
Nemanja Bjelica,6,11.4,1.9,-0.18,-0.09,-0.09
Emanuel Terry,1,0.0,0.0,-0.19,+0.08,-0.27
Patrick Patterson,11,21.5,2.0,-0.15,+0.07,-0.22
Alize Johnson,3,0.6,0.2,+0.24,+0.29,-0.04
Paul Reed,1,0.3,0.3,+0.58,+0.34,+0.24
Blake Ahearn,1,0.0,0.0,-0.70,-0.21,-0.49
DJ Stephens,2,0.0,0.0,-0.20,-0.21,+0.01
Chuck Hayes,7,10.2,1.5,-0.17,-1.36,+1.19
Jonas Jerebko,9,15.3,1.7,-0.29,-0.26,-0.02
Andre Emmett,1,0.1,0.1,-0.47,-0.44,-0.03
Grant Jerrett,1,0.1,0.1,-0.21,+0.33,-0.54
Darren Collison,10,28.9,2.9,-0.22,+0.65,-0.87
Marcus Haislip,1,0.0,0.0,-0.84,-0.59,-0.25
Raymond Felton,10,24.4,2.4,-0.23,+0.29,-0.51
Matt Williams Jr.,1,0.0,0.0,-0.22,-0.05,-0.17
Daniel Gafford,2,2.9,1.5,+0.84,-0.90,+1.75
Cedric Jackson,1,0.1,0.1,-0.31,-0.25,-0.06
Jarnell Stokes,3,0.2,0.1,-0.22,-0.19,-0.03
Shawn Marion,6,16.7,2.8,-0.24,-0.60,+0.36
Elijah Millsap,3,1.6,0.5,-0.23,-1.37,+1.14
Tim Ohlbrecht,1,0.0,0.0,-0.74,-0.48,-0.26
Tyrell Terry,1,0.1,0.1,-0.23,-0.16,-0.07
Brodric Thomas,1,0.3,0.3,-1.25,-1.33,+0.09
Tracy McGrady,3,5.5,1.8,+0.28,-0.26,+0.54
Alen Smailagic,2,0.3,0.1,-0.54,-0.56,+0.02
Sundiata Gaines,3,2.3,0.8,+0.27,+0.28,-0.01
Joey Dorsey,3,2.1,0.7,-0.17,-1.27,+1.10
Zaza Pachulia,10,18.5,1.8,-0.23,-1.13,+0.90
Andre Ingram,2,0.1,0.1,-0.24,-0.27,+0.03
C.J. Watson,8,13.9,1.7,-0.20,-0.02,-0.17
Bryce Dejean-Jones,1,0.4,0.4,-0.24,-0.83,+0.59
Marcus Cousin,1,0.0,0.0,-0.98,-0.51,-0.47
Nate Robinson,7,9.8,1.4,-0.18,+0.99,-1.17
Kevin Martin,7,17.3,2.5,-0.19,+1.33,-1.52
Willy Hernangomez,5,5.6,1.1,-0.14,+0.21,-0.35
Keldon Johnson,2,2.7,1.3,-0.53,-0.35,-0.18
Arinze Onuaku,3,0.2,0.1,-0.26,-0.10,-0.15
Rodrigue Beaubois,4,4.3,1.1,-0.07,+0.27,-0.34
Ignas Brazdeikis,2,0.2,0.1,-1.11,-0.70,-0.41
Devyn Marble,2,0.6,0.3,-0.26,-0.54,+0.28
Yao Ming,1,0.1,0.1,-0.56,-0.85,+0.29
Tyler Honeycutt,2,0.2,0.1,-0.21,-0.25,+0.05
Ashton Hagans,1,0.0,0.0,-0.28,-0.26,-0.02
Justin James,2,0.4,0.2,-1.14,-0.76,-0.38
Anthony Gill,1,0.3,0.3,-0.42,-0.67,+0.25
Carlos Boozer,6,15.5,2.6,-0.50,-0.69,+0.18
Jermaine O'Neal,5,6.9,1.4,-0.21,-1.72,+1.51
Chris Smith,1,0.0,0.0,-0.27,-0.12,-0.16
Wenyen Gabriel,2,0.6,0.3,-0.47,-0.79,+0.32
Andy Rautins,1,0.0,0.0,-1.02,-0.52,-0.49
Justise Winslow,6,9.8,1.6,-0.32,-1.41,+1.09
Gigi Datome,2,0.6,0.3,-0.27,-0.09,-0.19
Zach Lofton,1,0.0,0.0,-0.27,-0.25,-0.02
Jason Williams,2,3.0,1.5,-0.09,+0.66,-0.75
LaMelo Ball,1,1.8,1.8,-0.50,+0.17,-0.68
Kareem Rush,1,0.1,0.1,-0.48,-0.32,-0.16
Lauri Markkanen,4,8.3,2.1,-0.39,-0.03,-0.36
Landry Fields,5,8.5,1.7,-0.20,-0.11,-0.09
J.P. Macura,2,0.0,0.0,-0.29,-0.35,+0.06
Jaxson Hayes,2,2.8,1.4,-0.25,-0.96,+0.71
Julyan Stone,4,0.7,0.2,-0.32,-0.65,+0.33
Tyler Bey,1,0.1,0.1,-0.68,-0.32,-0.36
Yante Maten,1,0.0,0.0,-0.30,-0.22,-0.08
Jacob Wiley,1,0.0,0.0,-0.30,-0.59,+0.29
Dennis Horner,1,0.0,0.0,-0.43,-0.39,-0.04
Ben Bentil,1,0.0,0.0,-0.31,-0.29,-0.01
Monta Ellis,8,27.5,3.4,-0.39,+0.40,-0.80
Jerel McNeal,1,0.0,0.0,-0.31,-0.25,-0.06
Joel Bolomboy,2,0.1,0.1,-0.31,-0.14,-0.17
Shai Gilgeous-Alexander,3,7.8,2.6,-0.28,+0.11,-0.38
Reggie Hearn,1,0.0,0.0,-0.31,-0.26,-0.06
Jordan Williams,1,0.9,0.9,-0.25,-0.53,+0.28
Jarvis Varnado,2,0.5,0.2,-0.44,-1.74,+1.30
Garret Siler,1,0.1,0.1,-0.61,-0.39,-0.22
Cody Martin,2,2.4,1.2,-0.29,-0.61,+0.31
Renaldo Balkman,3,0.3,0.1,-0.81,-0.52,-0.29
Marcus Morris Sr.,10,22.3,2.2,-0.44,-0.15,-0.29
Patrick Christopher,1,0.0,0.0,-0.32,-0.15,-0.17
Fab Melo,1,0.0,0.0,-0.75,-0.43,-0.31
Othello Hunter,1,0.0,0.0,-1.59,-0.74,-0.85
Robert Franks,1,0.1,0.1,-0.35,-0.31,-0.04
Stanton Kidd,1,0.0,0.0,-0.34,-0.11,-0.23
Eric Dawson,1,0.0,0.0,-0.89,-0.47,-0.42
Beno Udrih,8,12.9,1.6,-0.57,+0.14,-0.71
Naz Reid,2,2.6,1.3,-0.21,-0.54,+0.33
Amile Jefferson,2,0.2,0.1,-0.34,-0.43,+0.09
Justin Robinson,2,0.2,0.1,-0.61,-0.46,-0.15
Goga Bitadze,2,1.5,0.8,-0.07,-1.19,+1.12
Gian Clavell,1,0.1,0.1,-0.34,-0.32,-0.02
Devin Booker,6,18.2,3.0,-0.32,+1.73,-2.05
Eric Gordon,12,26.4,2.2,-0.33,+1.26,-1.59
Patrick O'Bryant,1,0.1,0.1,-0.45,-0.44,-0.01
Keith Appling,1,0.0,0.0,-0.34,-0.21,-0.14
Walt Lemon Jr.,2,0.3,0.1,-0.34,-0.28,-0.06
Donta Hall,2,0.5,0.2,+0.03,-0.62,+0.65
Nigel Williams-Goss,1,0.1,0.1,-0.35,-0.17,-0.18
Ian Mahinmi,11,13.2,1.2,-0.39,-2.19,+1.81
Mychel Thompson,1,0.1,0.1,-0.34,-0.52,+0.18
Luke Zeller,1,0.1,0.1,-0.23,-0.24,+0.00
Terrence Jones,6,7.3,1.2,-0.35,-0.43,+0.07
P.J. Tucker,9,25.4,2.8,-0.45,-1.03,+0.58
George King,1,0.0,0.0,-0.36,+0.04,-0.40
Cassius Winston,1,0.1,0.1,-0.71,-0.35,-0.36
Gary Harris,7,14.4,2.1,-0.48,+0.23,-0.70
Hamady Ndiaye,3,0.2,0.1,-0.51,-0.59,+0.09
Viacheslav Kravtsov,2,0.4,0.2,-0.41,-0.56,+0.15
Caris LeVert,5,9.0,1.8,-0.38,+0.39,-0.77
OG Anunoby,4,8.2,2.1,-0.37,-1.07,+0.70
Isaac Humphries,1,0.1,0.1,-0.37,-0.24,-0.13
Troy Caupain,1,0.0,0.0,-0.38,-0.14,-0.23
Desmond Mason,1,0.1,0.1,-0.26,-0.36,+0.10
Shabazz Napier,6,7.7,1.3,-0.38,-0.19,-0.19
Travis Leslie,1,0.0,0.0,-1.23,-0.80,-0.43
Travis Diener,1,0.1,0.1,-0.82,-0.35,-0.47
Chris Johnson,7,3.5,0.5,-0.47,-0.58,+0.11
Trey Johnson,2,0.2,0.1,-0.54,-0.39,-0.15
Tomas Satoransky,5,9.7,1.9,-0.42,-0.06,-0.36
Devin Robinson,2,0.1,0.1,-0.39,-0.32,-0.07
Kyle Weaver,2,0.2,0.1,-0.87,-0.52,-0.35
Tristan Thompson,10,23.0,2.3,-0.47,-0.56,+0.09
Corey Brewer,11,21.4,1.9,-0.39,-0.43,+0.05
Robin Lopez,12,23.7,2.0,-0.47,-0.98,+0.52
Mitch McGary,2,0.7,0.4,-0.40,-0.49,+0.09
Anthony Parker,3,7.7,2.6,-0.26,-0.59,+0.33
Will Magnay,1,0.0,0.0,-0.45,-0.45,-0.00
Ed Davis,11,16.6,1.5,-0.47,-1.24,+0.77
Kostas Antetokounmpo,3,0.1,0.0,-0.35,-0.42,+0.07
Kenyon Martin,6,7.5,1.3,-0.19,-1.73,+1.54
Delonte West,3,4.1,1.4,-0.27,-0.89,+0.62
Brice Johnson,2,0.1,0.1,-0.41,-0.28,-0.13
Nigel Hayes,1,0.2,0.2,-0.41,-0.56,+0.15
Sherron Collins,1,0.1,0.1,-0.36,-0.22,-0.14
Rawle Alkins,1,0.2,0.2,-0.42,-0.10,-0.32
JJ O'Brien,1,0.0,0.0,-0.42,-0.10,-0.32
John Henson,8,11.2,1.4,-0.40,-1.28,+0.88
Jason Thompson,7,15.2,2.2,-0.48,-0.87,+0.38
Enes Kanter,10,21.1,2.1,-0.30,+0.80,-1.10
Will Conroy,2,0.1,0.0,-0.64,-0.49,-0.15
Quentin Richardson,4,5.9,1.5,-0.07,-0.43,+0.37
Duje Dukan,1,0.0,0.0,-0.43,-0.08,-0.35
Devontae Cacok,2,0.1,0.1,-0.30,-0.16,-0.14
Rashard Lewis,5,9.2,1.8,-0.24,-0.39,+0.15
Jerry Smith,1,0.1,0.1,-0.59,-0.70,+0.12
Skylar Mays,1,0.4,0.4,-0.05,+0.55,-0.60
Brandon Ingram,5,12.5,2.5,-0.48,+0.18,-0.66
Danuel House Jr.,5,5.2,1.0,-0.45,-0.37,-0.08
Bryce Cotton,2,0.2,0.1,-0.45,+0.21,-0.66
Kadeem Allen,3,0.8,0.3,-0.45,+0.02,-0.47
Kalin Lucas,2,0.0,0.0,-0.45,-0.21,-0.24
Luke Ridnour,6,10.5,1.7,-0.73,-0.01,-0.73
Solomon Alabi,2,0.2,0.1,-0.38,-0.46,+0.08
Tariq Owens,1,0.0,0.0,-0.46,-0.28,-0.19
James Southerland,1,0.0,0.0,-0.46,-0.07,-0.39
Bonzie Colson,1,0.1,0.1,-0.46,+0.14,-0.60
PJ Dozier,4,2.2,0.6,-0.17,-1.01,+0.84
Vander Blue,3,0.2,0.1,-0.47,-0.26,-0.21
Nazr Mohammed,7,5.7,0.8,-0.35,-1.32,+0.96
Dusty Hannahs,2,0.0,0.0,-0.47,-0.21,-0.26
Earl Watson,5,8.6,1.7,-0.13,-0.20,+0.07
Adam Mokoka,2,0.2,0.1,-0.44,-0.24,-0.20
Yuta Watanabe,3,1.1,0.4,-0.62,-1.31,+0.69
D.J. Kennedy,1,0.1,0.1,-0.73,-0.57,-0.16
Martell Webster,6,10.9,1.8,-0.48,+0.04,-0.52
Cliff Alexander,1,0.0,0.0,-0.48,-0.35,-0.13
Isaiah Stewart,1,1.9,1.9,-0.38,-1.92,+1.54
Cory Joseph,10,18.1,1.8,-0.44,-0.30,-0.14
Pat Connaughton,6,8.4,1.4,-0.22,-0.22,+0.00
Jarrod Uthoff,2,0.2,0.1,-0.48,-0.33,-0.15
Darryl Watkins,1,0.1,0.1,-0.56,-0.80,+0.24
Dean Wade,2,0.9,0.4,-1.27,-1.22,-0.06
Alex Stepheson,1,0.1,0.1,-0.49,-0.17,-0.31
Jarred Vanderbilt,3,2.3,0.8,+0.40,-1.80,+2.20
Jontay Porter,1,0.1,0.1,-0.41,-0.25,-0.16
Jonah Bolden,2,0.8,0.4,-0.49,-1.23,+0.74
Glen Rice,2,0.2,0.1,-0.50,-0.47,-0.02
Angel Delgado,1,0.0,0.0,-0.50,-0.23,-0.27
Kyle Kuzma,4,9.4,2.3,-0.59,-0.16,-0.43
Matt Costello,1,0.0,0.0,-0.50,-0.33,-0.17
Kris Joseph,1,0.1,0.1,-0.88,-0.34,-0.54
Russ Smith,2,0.2,0.1,-0.51,-0.21,-0.30
Mamadi Diakite,1,0.2,0.2,-0.08,-0.85,+0.77
Aron Baynes,9,10.0,1.1,-0.51,-1.49,+0.98
Jared Harper,2,0.0,0.0,-0.66,-0.26,-0.40
Jason Terry,9,17.2,1.9,-0.57,+0.42,-0.99
Sean Williams,2,0.4,0.2,-0.58,-1.74,+1.16
Ivan Johnson,2,2.1,1.0,-0.71,-1.60,+0.89
Ish Smith,11,16.2,1.5,-0.47,-0.04,-0.43
Tyrus Thomas,5,4.7,0.9,-0.30,-1.99,+1.69
Nate Wolters,3,1.9,0.6,-0.52,-0.78,+0.26
Seth Curry,7,9.0,1.3,-0.48,+0.05,-0.53
Dakari Johnson,1,0.2,0.2,-0.53,-0.74,+0.20
Trey Lyles,6,7.9,1.3,-0.53,-0.36,-0.17
Iman Shumpert,10,13.8,1.4,-0.50,-0.66,+0.16
Dennis Schroder,8,16.6,2.1,-0.61,+0.21,-0.82
Jordan Adams,2,0.3,0.2,-0.54,-0.27,-0.27
Kevin Murphy,1,0.0,0.0,-1.12,-0.37,-0.75
Erik McCree,1,0.0,0.0,-0.55,+0.01,-0.56
Dorian Finney-Smith,5,10.3,2.1,-0.41,-0.47,+0.06
Jared Jeffries,4,4.7,1.2,-0.27,-1.68,+1.41
J.J. Barea,11,17.7,1.6,-0.42,+0.92,-1.34
Joe Chealey,2,0.0,0.0,-0.55,-0.73,+0.18
D'Angelo Russell,6,12.5,2.1,-0.51,+0.93,-1.44
Kris Humphries,8,12.4,1.5,-0.60,-0.97,+0.37
Mike James,6,2.6,0.4,-0.36,+0.29,-0.65
Ekpe Udoh,7,7.2,1.0,-0.42,-2.30,+1.87
Edwin Ubiles,1,0.1,0.1,-0.80,-0.36,-0.44
Marquese Chriss,5,5.8,1.2,-0.57,-1.29,+0.73
AJ Price,6,5.6,0.9,-0.17,+0.36,-0.53
Anthony Tolliver,12,16.9,1.4,-0.50,-0.42,-0.08
Mike Muscala,8,7.1,0.9,-0.55,-0.77,+0.22
Mike Bibby,3,7.9,2.6,+0.05,+0.48,-0.43
Greivis Vasquez,7,10.6,1.5,-0.64,+0.81,-1.46
William Howard,1,0.0,0.0,-0.59,-0.10,-0.48
Stephen Zimmerman,1,0.1,0.1,-0.59,-0.74,+0.15
Justin Patton,4,0.3,0.1,-0.59,-1.03,+0.44
Milton Doyle,1,0.1,0.1,-0.59,-0.57,-0.01
Daniel Orton,3,0.5,0.2,-0.86,-1.57,+0.71
Malik Fitts,1,0.0,0.0,-0.50,-0.15,-0.35
Jordan McLaughlin,2,1.9,1.0,-0.44,-0.59,+0.15
Justin Wright-Foreman,1,0.1,0.1,-0.59,-0.22,-0.37
Drew Eubanks,3,1.2,0.4,-0.75,-1.54,+0.79
Yakhouba Diawara,1,0.0,0.0,-1.23,-0.45,-0.78
Donte Grantham,1,0.0,0.0,-0.59,-0.12,-0.47
Julius Randle,7,15.9,2.3,-0.56,-0.08,-0.49
Johnathan Motley,3,0.4,0.1,-0.60,-0.02,-0.58
Andre Dawkins,1,0.0,0.0,-0.60,-0.16,-0.44
Kevin Hervey,1,0.1,0.1,-0.60,-0.29,-0.31
Cassius Stanley,1,0.1,0.1,-1.08,-0.36,-0.72
Caron Butler,7,13.3,1.9,-0.43,-0.29,-0.14
Marcus Banks,2,0.3,0.1,-0.72,-0.65,-0.07
Al Harrington,5,7.3,1.5,-0.56,+0.63,-1.20
James Posey,2,3.8,1.9,-0.09,-0.28,+0.19
Gilbert Arenas,3,5.0,1.7,+0.04,+0.79,-0.75
Lamar Stevens,1,0.6,0.6,-0.52,-1.44,+0.92
Josh Reaves,1,0.0,0.0,-0.63,-0.36,-0.27
Mustafa Shakur,2,0.2,0.1,-0.32,-0.01,-0.31
Matthew Dellavedova,8,10.2,1.3,-0.62,-0.09,-0.53
Kent Bazemore,9,15.1,1.7,-0.57,-1.40,+0.83
Xavier Silas,2,0.0,0.0,-1.33,-0.57,-0.76
Devean George,1,0.9,0.9,-0.61,-0.28,-0.33
Zach Norvell Jr.,1,0.0,0.0,-0.64,-0.43,-0.21
Kirk Hinrich,7,13.8,2.0,-0.58,-0.91,+0.33
Damien Inglis,1,0.2,0.2,-0.64,-1.01,+0.37
Tim Quarterman,2,0.1,0.1,-0.64,-0.45,-0.19
Tyler Davis,1,0.0,0.0,-0.65,-0.16,-0.48
Hedo Turkoglu,6,10.4,1.7,-0.30,+0.19,-0.48
Jerome Dyson,1,0.2,0.2,-0.77,-1.01,+0.25
Nate Hinton,1,0.1,0.1,-0.92,-0.22,-0.70
Xavier Munford,2,0.3,0.1,-0.66,-0.72,+0.06
Justin Holiday,8,12.8,1.6,-0.72,-0.94,+0.23
Furkan Korkmaz,4,4.0,1.0,-0.52,+0.13,-0.65
Frank Kaminsky,6,8.5,1.4,-0.66,-0.04,-0.62
Hamed Haddadi,4,1.4,0.3,-0.11,-1.11,+1.00
Jabari Bird,1,0.1,0.1,-0.66,-0.23,-0.44
Jalen Harris,1,0.2,0.2,-0.64,-0.28,-0.37
Patricio Garino,1,0.0,0.0,-0.67,-0.73,+0.06
Mike Wilks,1,0.0,0.0,-1.60,-0.53,-1.07
Mirza Teletovic,6,6.5,1.1,-0.62,+0.64,-1.26
Daryl Macon,2,0.1,0.1,-0.67,-0.51,-0.16
Hasheem Thabeet,5,2.6,0.5,-0.68,-2.68,+2.00
T.J. McConnell,6,11.7,1.9,-0.57,-0.66,+0.10
Bernard James,3,0.9,0.3,-0.62,-1.42,+0.81
Jon Leuer,8,6.4,0.8,-0.69,-1.09,+0.39
Sean May,1,0.4,0.4,-0.34,-0.92,+0.58
Henry Ellenson,5,0.9,0.2,-0.68,-0.42,-0.25
Reggie Perry,1,0.2,0.2,-0.97,-0.22,-0.74
Josh Hart,4,6.9,1.7,-0.66,-0.82,+0.16
AJ Hammons,1,0.2,0.2,-0.69,-1.30,+0.61
Alexis Ajinca,6,4.0,0.7,-0.71,-1.66,+0.95
Deividas Sirvydis,1,0.1,0.1,-1.40,-1.05,-0.35
T.J. Warren,7,10.3,1.5,-0.69,+0.18,-0.88
Dario Saric,5,9.9,2.0,-0.66,-0.20,-0.45
Erick Dampier,3,2.4,0.8,-0.65,-2.35,+1.71
Zhaire Smith,2,0.2,0.1,-0.69,-0.11,-0.59
Harrison Barnes,9,23.6,2.6,-0.64,-0.46,-0.18
Craig Smith,3,2.0,0.7,-0.96,-0.82,-0.14
Alex Len,8,10.9,1.4,-0.70,-1.77,+1.08
Primoz Brezec,1,0.1,0.1,-0.58,-0.51,-0.07
John Konchar,2,0.9,0.4,-0.58,-0.53,-0.05
Spencer Hawes,8,13.7,1.7,-0.65,-1.28,+0.63
Greg Stiemsma,4,2.9,0.7,-0.87,-3.52,+2.65
Trevon Duval,1,0.0,0.0,-0.70,-0.09,-0.61
Kris Dunn,5,5.9,1.2,-0.71,-1.45,+0.74
Markelle Fultz,4,3.0,0.8,-0.72,-0.72,-0.00
Freddie Gillespie,1,0.3,0.3,-1.34,-2.12,+0.78
Norvel Pelle,2,0.3,0.2,-0.69,-2.01,+1.32
Greg Smith,5,1.7,0.3,-0.92,-1.15,+0.23
Jaylen Hoard,2,0.4,0.2,-0.88,-0.68,-0.20
Jalen Lecque,2,0.0,0.0,-0.74,-0.52,-0.23
Nickeil Alexander-Walker,2,1.6,0.8,-0.77,-0.50,-0.27
Miroslav Raduljica,2,0.5,0.3,-0.71,-0.40,-0.31
Grant Hill,4,7.5,1.9,-0.62,-0.57,-0.04
Will Barton,9,14.8,1.6,-0.70,+0.15,-0.85
Trey McKinney-Jones,1,0.0,0.0,-0.72,-0.12,-0.59
Kyle Collinsworth,1,0.5,0.5,-0.72,-0.82,+0.10
Francisco Garcia,6,5.8,1.0,-0.58,-0.78,+0.20
JaMychal Green,7,9.5,1.4,-0.74,-1.08,+0.35
Yogi Ferrell,5,5.5,1.1,-0.71,-0.29,-0.42
Chase Budinger,7,9.2,1.3,-0.59,+0.25,-0.84
Devon Hall,1,0.1,0.1,-0.73,-0.31,-0.41
Davon Reed,2,0.3,0.2,-0.73,-0.88,+0.15
Cheick Diallo,4,2.3,0.6,-0.73,-1.20,+0.47
Ryan Kelly,4,3.3,0.8,-0.73,-0.74,+0.01
Elias Harris,1,0.0,0.0,-0.73,-0.31,-0.42
Andrew Wiggins,7,20.7,3.0,-0.64,+0.45,-1.09
Toney Douglas,8,8.5,1.1,-0.61,+0.47,-1.09
Johnathan Williams,2,0.6,0.3,-0.73,-0.77,+0.03
Milos Teodosic,2,1.3,0.7,-0.73,+0.21,-0.95
Tim Hardaway Jr.,8,15.7,2.0,-0.70,+0.63,-1.34
Antonius Cleveland,2,0.2,0.1,-0.74,-0.85,+0.12
Brian Bowen II,2,0.0,0.0,-0.77,-0.26,-0.51
Markieff Morris,10,18.1,1.8,-0.75,-0.93,+0.18
Terance Mann,2,2.1,1.1,-0.36,-0.26,-0.10
Rodney Stuckey,8,14.4,1.8,-0.80,+0.37,-1.17
Killian Tillie,1,0.2,0.2,-0.86,-0.77,-0.09
Derek Fisher,5,10.7,2.1,-0.30,-0.63,+0.33
Boris Diaw,8,14.4,1.8,-0.91,-0.93,+0.02
Alando Tucker,1,0.1,0.1,-0.94,-0.05,-0.89
Luis Montero,2,0.1,0.0,-0.75,-0.43,-0.31
Marial Shayok,1,0.0,0.0,-0.75,-0.29,-0.46
Chimezie Metu,3,0.5,0.2,-1.34,-1.10,-0.23
Troy Murphy,4,4.1,1.0,-0.80,-0.97,+0.17
Mike Tobey,1,0.0,0.0,-0.76,-0.84,+0.08
Dewan Hernandez,1,0.0,0.0,-0.76,-0.29,-0.47
Dionte Christmas,1,0.2,0.2,-0.76,+0.19,-0.95
Maurice Harkless,9,12.5,1.4,-0.89,-1.19,+0.30
Alexey Shved,3,3.9,1.3,-0.52,+0.12,-0.64
Omri Casspi,10,13.0,1.3,-0.68,-0.24,-0.44
Terrence Ross,9,15.9,1.8,-0.73,+0.10,-0.83
Vladimir Radmanovic,4,3.9,1.0,-0.34,-0.57,+0.23
Kyle Alexander,1,0.0,0.0,-0.77,-0.50,-0.28
Tim Frazier,7,5.0,0.7,-0.77,-0.50,-0.27
Tyler Johnson,7,8.5,1.2,-0.82,-0.52,-0.30
London Perrantes,1,0.1,0.1,-0.78,-0.32,-0.46
Anthony Randolph,5,3.2,0.6,-0.53,-1.10,+0.57
Daniel Oturu,1,0.2,0.2,-0.61,-0.34,-0.28
Tarik Black,4,3.4,0.8,-0.79,-1.52,+0.73
Lorenzo Brown,5,1.2,0.2,-0.79,-0.72,-0.07
Isaiah Joe,1,0.4,0.4,-0.79,+0.06,-0.85
Chris Wilcox,4,2.3,0.6,-1.06,-1.12,+0.06
Grant Riller,1,0.0,0.0,-0.86,-0.37,-0.49
Zylan Cheatham,1,0.1,0.1,-0.79,-0.64,-0.16
Kelly Oubre Jr.,6,10.0,1.7,-0.82,-0.60,-0.22
Vincent Edwards,1,0.0,0.0,-0.79,-0.07,-0.72
Cameron Bairstow,2,0.2,0.1,-0.79,-0.64,-0.15
PJ Tucker,0,0.0,#DIV/0!,#N/A,#N/A,#N/A
Jacob Pullen,1,0.0,0.0,-0.80,-0.14,-0.66
DeVaughn Akoon-Purcell,1,0.0,0.0,-0.80,-0.32,-0.48
Vernon Carey Jr.,1,0.1,0.1,-0.84,-0.90,+0.06
Jamario Moon,3,2.9,1.0,-0.37,-1.12,+0.75
Josh Huestis,3,1.1,0.4,-0.80,-1.56,+0.76
Timofey Mozgov,8,8.2,1.0,-0.80,-1.75,+0.95
DaQuan Jeffries,2,0.7,0.3,-0.71,-0.69,-0.02
BJ Johnson,2,0.1,0.1,-0.81,-0.53,-0.28
Brian Skinner,3,0.1,0.0,-1.00,-1.04,+0.04
Lester Hudson,4,0.7,0.2,-0.48,+0.17,-0.64
Justin Anderson,5,2.9,0.6,-0.81,-0.25,-0.56
Zoran Dragic,1,0.1,0.1,-0.82,+0.01,-0.83
Tremont Waters,2,0.4,0.2,-0.60,+0.02,-0.62
Ike Anigbogu,2,0.0,0.0,-0.82,-0.14,-0.68
Trevor Booker,8,10.5,1.3,-0.86,-0.83,-0.03
Pops Mensah-Bonsu,2,0.1,0.1,-0.96,-0.92,-0.04
Cameron Payne,6,3.9,0.7,-0.72,-0.31,-0.41
James Webb III,1,0.1,0.1,-0.83,-0.64,-0.19
Jevon Carter,3,2.3,0.8,-0.76,-1.00,+0.24
Richard Jefferson,9,14.9,1.7,-0.70,-0.75,+0.05
Isaac Bonga,3,1.8,0.6,-0.83,-2.30,+1.46
Coty Clarke,1,0.0,0.0,-0.84,-0.27,-0.57
Derrick Jones Jr.,5,4.4,0.9,-0.87,-0.91,+0.04
Jalen Jones,2,0.4,0.2,-0.84,-0.61,-0.23
Justin Dentmon,2,0.1,0.0,-0.94,-0.80,-0.13
Terence Davis,2,2.1,1.1,-0.92,-0.24,-0.68
James Nunnally,3,0.3,0.1,-0.78,-0.58,-0.20
Thomas Welsh,1,0.0,0.0,-0.85,-0.35,-0.50
Juan Toscano-Anderson,2,1.7,0.9,-0.41,-1.99,+1.57
Randolph Morris,1,0.0,0.0,-1.81,-1.35,-0.46
Demetrius Jackson,3,0.1,0.0,-0.86,-0.32,-0.54
Wilson Chandler,10,16.7,1.7,-0.82,-0.48,-0.35
Peja Stojakovic,2,3.1,1.6,-0.46,+0.02,-0.49
Chris McCullough,3,0.5,0.2,-0.86,-0.86,-0.01
Ante Zizic,3,1.5,0.5,-0.87,-1.13,+0.26
Ty-Shon Alexander,1,0.1,0.1,-0.72,-0.22,-0.50
Terry Rozier,6,9.9,1.7,-0.82,-0.11,-0.71
Ben Moore,1,0.0,0.0,-0.87,-0.22,-0.65
Maurice Ndour,1,0.3,0.3,-0.87,-1.56,+0.69
Mfiondu Kabengele,2,0.3,0.1,-1.12,-0.89,-0.23
Sergey Karasev,3,1.1,0.4,-0.87,-0.84,-0.03
Rodney Hood,7,9.8,1.4,-0.88,-0.36,-0.52
Justin Harper,3,0.1,0.0,-0.93,-0.67,-0.26
Shamorie Ponds,1,0.0,0.0,-0.88,-0.25,-0.62
Bobby Portis,6,7.3,1.2,-0.91,-0.10,-0.81
John Salmons,6,11.0,1.8,-0.80,-1.07,+0.27
Jordan Mickey,3,0.5,0.2,-0.89,-1.27,+0.38
Ime Udoka,2,1.4,0.7,-0.36,-0.84,+0.48
Jarrell Brantley,2,0.2,0.1,-1.20,-0.58,-0.62
Chris Silva,2,0.4,0.2,-0.90,-1.24,+0.33
Jabari Parker,7,8.0,1.1,-0.89,-0.00,-0.89
Jerami Grant,7,12.1,1.7,-0.91,-1.18,+0.27
Chris Babb,1,0.1,0.1,-0.91,-0.45,-0.46
Brad Wanamaker,3,2.4,0.8,-1.01,-0.94,-0.07
Nate Darling,1,0.0,0.0,-1.03,-0.42,-0.61
Jaylen Morris,2,0.1,0.1,-0.92,-0.97,+0.04
Onyeka Okongwu,1,0.5,0.5,-1.10,-1.63,+0.52
Darrell Arthur,8,6.7,0.8,-0.97,-1.82,+0.85
Edy Tavares,2,0.1,0.0,-0.93,-0.54,-0.39
Moses Brown,2,0.6,0.3,-1.35,-1.58,+0.22
Dylan Windler,1,0.5,0.5,-0.72,-1.17,+0.44
Henry Walker,4,2.6,0.7,-0.90,-0.72,-0.18
Joel Anthony,8,5.4,0.7,-0.84,-2.52,+1.68
Tyrese Haliburton,1,1.5,1.5,-1.01,+0.68,-1.69
Charlie Villanueva,7,5.7,0.8,-0.95,+0.22,-1.16
Tibor Pleiss,1,0.1,0.1,-0.95,-0.63,-0.32
Skal Labissiere,4,2.3,0.6,-0.95,-1.05,+0.10
Will Cherry,1,0.1,0.1,-0.95,-0.56,-0.39
Lou Amundson,7,4.5,0.6,-0.73,-1.90,+1.17
Guerschon Yabusele,2,0.4,0.2,-0.95,-0.43,-0.53
Reggie Evans,6,6.0,1.0,-0.68,-1.63,+0.96
Dakota Mathias,1,0.1,0.1,-1.14,-0.03,-1.11
Kira Lewis Jr.,1,0.8,0.8,-1.02,-0.50,-0.52
Marvin Bagley III,3,2.7,0.9,-0.97,-0.06,-0.91
Evan Fournier,9,14.1,1.6,-0.99,+0.02,-1.01
Xavier Rathan-Mayes,1,0.1,0.1,-0.97,-0.55,-0.42
Armoni Brooks,1,-0.1,-0.1,-2.67,-0.79,-1.88
Mo Williams,7,11.6,1.7,-0.80,+0.28,-1.08
Andrew Harrison,3,2.6,0.9,-0.98,-1.09,+0.11
Lance Stephenson,9,11.0,1.2,-0.92,-0.55,-0.37
Joe Harris,7,9.6,1.4,-0.90,+0.00,-0.91
Bogdan Bogdanovic,4,7.0,1.8,-0.84,+0.25,-1.09
Thon Maker,5,3.2,0.6,-0.99,-1.26,+0.27
Mason Jones,1,0.3,0.3,-1.03,-0.48,-0.55
Saben Lee,1,0.3,0.3,-1.76,-1.33,-0.44
Alex Kirk,1,0.0,0.0,-1.00,-0.55,-0.45
Carl Landry,7,8.0,1.1,-1.02,-0.08,-0.93
Oleksiy Pecherov,1,0.7,0.7,-0.02,-0.76,+0.73
Jamil Wilson,1,0.2,0.2,-1.00,-1.08,+0.08
Steven Hunter,1,0.2,0.2,-0.79,-0.86,+0.07
Daniel Gibson,4,4.2,1.0,-0.99,-0.34,-0.65
Courtney Fortson,1,0.1,0.1,-1.28,-0.92,-0.37
Marcus Thornton,8,9.9,1.2,-1.00,+0.76,-1.75
Josh Davis,1,0.1,0.1,-1.49,-0.54,-0.95
Miles Plumlee,7,4.9,0.7,-1.02,-2.02,+1.00
Tyler Hansbrough,7,6.5,0.9,-0.96,-0.54,-0.42
Damion James,3,0.7,0.2,-0.73,-2.09,+1.35
Shaquille Harrison,4,1.9,0.5,-1.20,-1.48,+0.28
Vic Law,1,0.1,0.1,-1.02,-0.83,-0.19
D.J. Wilson,4,1.5,0.4,-1.05,-1.42,+0.37
Deni Avdija,1,1.3,1.3,-0.77,-2.13,+1.36
Sergio Rodriguez,2,2.5,1.2,-0.85,+0.01,-0.86
Gary Payton II,5,0.7,0.1,-1.01,-1.08,+0.07
Greg Whittington,1,0.0,0.0,-0.82,-0.39,-0.43
Chinanu Onuaku,2,0.1,0.0,-1.04,-0.47,-0.57
Coby Karl,1,0.1,0.1,-1.09,-0.58,-0.50
Marcus Landry,1,0.1,0.1,-1.10,-0.56,-0.54
Taurean Prince,5,6.7,1.3,-1.00,-0.94,-0.06
Buddy Hield,5,10.8,2.2,-0.86,+0.58,-1.45
Jordan Loyd,1,0.0,0.0,-1.05,-0.41,-0.63
Shaun Livingston,10,11.3,1.1,-1.01,-0.94,-0.06
Brandon Bass,8,10.0,1.3,-1.14,-1.09,-0.05
Craig Brackins,2,0.1,0.0,-1.61,-0.64,-0.97
Anthony Lamb,1,-0.1,-0.1,-2.73,-1.40,-1.33
Aaron Brooks,8,9.0,1.1,-1.06,+0.56,-1.62
Sasha Kaun,1,0.1,0.1,-1.05,-1.06,+0.01
Naz Mitrou-Long,3,0.1,0.0,-1.06,-0.32,-0.74
Jerian Grant,5,4.2,0.8,-1.06,-0.77,-0.28
Charles Cooke,1,0.0,0.0,-1.06,-0.36,-0.70
Daniel Hamilton,2,0.2,0.1,-1.07,-0.96,-0.10
Luc Mbah a Moute,11,11.8,1.1,-1.04,-2.08,+1.05
Josh Childress,4,1.3,0.3,-1.01,-0.23,-0.78
Trey Burke,8,7.8,1.0,-1.13,+0.69,-1.82
Courtney Lee,11,16.0,1.5,-1.11,-0.32,-0.79
Kenrich Williams,3,3.2,1.1,-0.87,-1.33,+0.47
Keljin Blevins,1,0.0,0.0,-1.32,-1.11,-0.21
Khyri Thomas,3,0.4,0.1,-0.73,-0.49,-0.24
Ronnie Price,8,5.0,0.6,-0.89,-1.46,+0.57
Sam Dekker,4,2.5,0.6,-1.08,-0.52,-0.56
Lavoy Allen,6,5.9,1.0,-1.03,-1.56,+0.53
Festus Ezeli,3,2.2,0.7,-0.96,-2.43,+1.47
Leon Powe,2,0.5,0.3,-0.97,-0.63,-0.33
Tyler Cavanaugh,2,0.4,0.2,-1.10,-0.19,-0.91
Quincy Acy,7,4.2,0.6,-1.15,-1.57,+0.43
Jordan McRae,4,1.4,0.3,-1.11,-0.18,-0.93
Shake Milton,3,1.5,0.5,-1.41,-0.09,-1.33
David Nwaba,5,3.2,0.6,-1.09,-1.02,-0.07
Jaylen Nowell,2,0.7,0.3,-1.16,-0.26,-0.90
Avery Bradley,11,13.3,1.2,-1.12,-0.92,-0.20
Nick Richards,1,0.0,0.0,-1.17,-0.70,-0.47
Ben Uzoh,2,1.0,0.5,-0.52,-0.43,-0.08
John Lucas III,6,2.2,0.4,-0.98,+0.19,-1.17
Chuma Okeke,1,0.8,0.8,-1.19,-1.32,+0.13
Aaron Jackson,1,0.0,0.0,-1.13,-0.31,-0.82
Daniel Ochefu,1,0.1,0.1,-1.13,-0.62,-0.52
Arnett Moultrie,2,0.5,0.3,-1.23,-0.76,-0.47
Axel Toupane,3,0.3,0.1,-1.13,-0.92,-0.21
Jordan Nwora,1,0.2,0.2,-1.33,-0.95,-0.38
Justin Hamilton,3,1.5,0.5,-1.14,-0.98,-0.17
Moritz Wagner,3,1.3,0.4,-1.31,-1.57,+0.26
Brian Cardinal,3,0.9,0.3,-1.08,-1.17,+0.09
Vitor Faverani,1,0.4,0.4,-1.15,-1.95,+0.80
Mickell Gladness,1,0.2,0.2,-1.09,-1.82,+0.73
Alec Burks,10,9.3,0.9,-1.15,-0.12,-1.03
Marcus Derrickson,1,0.1,0.1,-1.15,-0.21,-0.94
Markel Brown,3,1.4,0.5,-1.16,-0.48,-0.68
Kenny Thomas,1,0.3,0.3,-0.84,-1.48,+0.65
Stephen Jackson,5,8.7,1.7,-0.65,-0.36,-0.29
Dion Waiters,8,9.3,1.2,-1.13,-0.29,-0.84
Norman Powell,6,6.3,1.0,-1.12,-0.45,-0.67
Ramon Sessions,9,9.8,1.1,-1.22,+0.19,-1.41
Nathan Knight,1,0.3,0.3,-0.68,-0.32,-0.36
Lindsey Hunter,1,0.1,0.1,-1.00,-0.24,-0.76
Marshall Plumlee,2,0.2,0.1,-1.17,-0.68,-0.49
Nicolas Brussino,2,0.4,0.2,-1.18,-0.65,-0.52
Jordan Hamilton,5,1.8,0.4,-1.05,-0.35,-0.69
Bol Bol,2,0.1,0.1,-1.53,-1.11,-0.42
Donatas Motiejunas,6,3.6,0.6,-1.13,-1.06,-0.06
Gerald Henderson,8,9.5,1.2,-1.28,-0.89,-0.39
Payton Pritchard,1,1.0,1.0,-1.15,-0.17,-0.98
Tim Thomas,1,0.2,0.2,-1.39,-0.03,-1.36
Noah Vonleh,7,4.2,0.6,-1.19,-2.02,+0.83
Josh Okogie,3,3.6,1.2,-1.11,-1.31,+0.19
D.J. Augustin,12,14.6,1.2,-1.22,+0.41,-1.62
John Holland,1,0.1,0.1,-1.20,-0.37,-0.82
Jeff Green,11,18.5,1.7,-1.12,-0.48,-0.64
Brian Cook,3,0.8,0.3,-0.79,-0.91,+0.12
Shawne Williams,4,3.1,0.8,-1.02,-0.72,-0.30
Jake Layman,5,2.1,0.4,-1.21,-1.21,-0.00
Bruce Brown,3,4.0,1.3,-0.97,-1.48,+0.50
Tyler Ulis,3,2.0,0.7,-1.20,-0.39,-0.81
Vincent Poirier,2,0.1,0.1,-1.25,-0.92,-0.33
Eddy Curry,3,0.1,0.0,-1.78,-0.99,-0.79
Aaron Holiday,3,2.4,0.8,-1.27,-0.62,-0.65
Rayjon Tucker,2,0.2,0.1,-1.20,-0.50,-0.70
Theo Pinson,3,0.4,0.1,-1.21,-1.03,-0.19
Udonis Haslem,12,6.1,0.5,-1.12,-1.60,+0.48
Raul Neto,6,3.9,0.7,-1.10,-0.92,-0.18
Haywood Highsmith,1,0.0,0.0,-1.22,-0.39,-0.83
Nicolo Melli,2,1.1,0.6,-1.28,-1.59,+0.31
Jamal Crawford,11,14.8,1.3,-1.18,+1.32,-2.50
Gerald Green,8,7.7,1.0,-1.17,+0.23,-1.40
Frank Mason,4,1.1,0.3,-1.24,-0.32,-0.92
Kurt Thomas,4,2.3,0.6,-1.28,-2.94,+1.66
Diamond Stone,1,0.0,0.0,-1.23,-0.65,-0.58
Rodney McGruder,5,3.5,0.7,-1.24,-0.93,-0.30
Malcolm Lee,3,0.5,0.2,-0.97,-1.05,+0.08
Garrett Temple,11,10.0,0.9,-1.21,-1.54,+0.33
Malik Beasley,5,3.3,0.7,-1.33,-0.14,-1.19
Georges Niang,5,2.8,0.6,-0.78,-0.21,-0.57
Jamel Artis,1,0.2,0.2,-1.26,-0.97,-0.29
Jodie Meeks,10,9.8,1.0,-1.09,+0.19,-1.29
Thomas Robinson,5,3.2,0.6,-1.17,-1.23,+0.06
Mike Miller,8,5.1,0.6,-1.25,-0.30,-0.94
C.J. Williams,2,0.6,0.3,-1.27,-1.23,-0.04
Andris Biedrins,5,2.7,0.5,-1.11,-3.22,+2.11
Torrey Craig,4,2.3,0.6,-1.44,-0.86,-0.57
Georgios Papagiannis,2,0.3,0.2,-1.27,-1.54,+0.27
Ryan Broekhoff,2,0.4,0.2,-1.27,-0.58,-0.69
Drew Gordon,1,0.0,0.0,-1.27,-0.79,-0.48
Jaron Blossomgame,1,0.3,0.3,-1.28,-1.50,+0.22
Jamaal Franklin,2,0.1,0.1,-1.28,-1.15,-0.12
Josh Boone,1,0.9,0.9,-1.06,-2.10,+1.04
Karim Mane,1,0.0,0.0,-1.48,-1.39,-0.09
Ron Baker,3,1.0,0.3,-1.28,-1.29,+0.02
Khem Birch,4,2.9,0.7,-1.12,-1.38,+0.26
James Jones,8,3.5,0.4,-1.18,-0.24,-0.94
Tyler Cook,2,-0.1,0.0,-2.52,-1.71,-0.82
Brandon Goodwin,3,0.7,0.2,-1.38,-0.58,-0.80
Mychal Mulder,2,0.6,0.3,-1.37,-0.23,-1.14
Malachi Flynn,1,0.6,0.6,-1.38,-1.55,+0.17
C.J. Wilcox,3,0.3,0.1,-1.30,-0.57,-0.73
Ivan Rabb,2,0.8,0.4,-1.30,-1.09,-0.21
T.J. Ford,3,1.9,0.6,-0.97,-0.78,-0.19
Devin Vassell,1,0.6,0.6,-1.40,-1.50,+0.10
Andrea Bargnani,7,6.6,0.9,-1.30,+0.20,-1.51
Stanley Johnson,6,4.9,0.8,-1.30,-1.97,+0.67
Brandon Knight,8,8.8,1.1,-1.30,-0.19,-1.11
Marreese Speights,9,6.9,0.8,-1.20,-0.69,-0.52
Tornike Shengelia,2,0.1,0.1,-1.49,-0.92,-0.56
Alex Poythress,3,0.4,0.1,-1.31,-1.04,-0.27
Jamaal Tinsley,4,2.7,0.7,-0.65,-0.50,-0.15
Jalen Smith,1,0.1,0.1,-1.44,-0.96,-0.47
Sasha Vujacic,5,2.2,0.4,-1.37,-0.19,-1.17
Malachi Richardson,3,0.4,0.1,-1.32,-1.01,-0.31
David Andersen,2,1.2,0.6,-0.83,-0.86,+0.03
Gary Trent Jr.,3,1.7,0.6,-1.50,+0.31,-1.81
Myke Henry,1,0.2,0.2,-1.33,-0.79,-0.54
Tayshaun Prince,7,10.5,1.5,-1.16,-0.49,-0.68
Aaron Harrison,3,0.2,0.1,-1.33,-0.68,-0.66
Josh Green,1,0.3,0.3,-1.37,-1.23,-0.14
Jerome Jordan,2,0.3,0.1,-1.41,-1.00,-0.41
Glen Davis,6,5.8,1.0,-1.26,-1.64,+0.38
Quinndary Weatherspoon,2,0.1,0.1,-1.37,-0.95,-0.42
Malcolm Delaney,2,1.4,0.7,-1.34,-1.03,-0.32
Precious Achiuwa,1,0.4,0.4,-1.42,-2.30,+0.88
Svi Mykhailiuk,3,2.2,0.7,-1.19,-0.54,-0.65
Tyler Lydon,2,0.1,0.0,-1.35,-0.71,-0.64
Chris Singleton,3,2.0,0.7,-1.16,-2.32,+1.17
Zhou Qi,2,0.1,0.0,-1.35,-1.11,-0.25
Josh Hall,1,-0.1,-0.1,-2.56,-2.41,-0.14
Troy Brown Jr.,3,1.9,0.6,-1.36,-0.33,-1.03
Zach LaVine,7,9.0,1.3,-1.28,+0.57,-1.85
Cartier Martin,6,2.6,0.4,-1.06,-0.49,-0.57
Markus Howard,1,0.0,0.0,-2.31,-0.53,-1.79
Roger Mason Jr.,5,3.6,0.7,-0.94,+0.02,-0.96
Rodions Kurucs,3,1.3,0.4,-1.36,-1.85,+0.48
Sindarius Thornwell,4,1.2,0.3,-1.24,-2.22,+0.98
Shelvin Mack,8,5.7,0.7,-1.29,-0.51,-0.78
Dillon Brooks,4,4.8,1.2,-1.24,-0.90,-0.35
Donte Greene,3,3.1,1.0,-0.98,-1.19,+0.22
Luka Samanic,2,0.2,0.1,-1.53,-1.44,-0.08
Briante Weber,3,0.4,0.1,-1.37,-0.72,-0.65
Anthony Morrow,8,6.7,0.8,-1.37,+0.17,-1.54
Bismack Biyombo,10,9.0,0.9,-1.37,-2.61,+1.25
Trey Thompkins,1,0.0,0.0,-1.90,-0.92,-0.98
Jarrett Jack,9,10.0,1.1,-1.30,-0.01,-1.29
Chris Richard,1,0.1,0.1,-1.58,-2.19,+0.61
Desmond Bane,1,0.7,0.7,-1.64,-0.75,-0.88
Oshae Brissett,2,1.0,0.5,-0.11,+0.02,-0.13
Chris Kaman,7,4.6,0.7,-1.48,-1.88,+0.40
Erik Murphy,1,0.0,0.0,-1.39,-0.90,-0.49
Corey Maggette,4,3.0,0.7,-1.33,+0.39,-1.72
James Ennis III,7,4.9,0.7,-1.38,-1.10,-0.27
James Singleton,2,1.0,0.5,-1.06,-1.57,+0.52
Jason Maxiell,6,4.8,0.8,-1.30,-2.00,+0.70
Bojan Bogdanovic,7,10.2,1.5,-1.31,+0.07,-1.38
Andrew White III,1,0.1,0.1,-1.41,-1.23,-0.18
Juancho Hernangomez,5,2.7,0.5,-1.35,-0.71,-0.63
Anthony Johnson,1,0.3,0.3,-1.09,-0.48,-0.61
Tyler Zeller,8,4.2,0.5,-1.43,-1.46,+0.03
Kendall Marshall,4,2.1,0.5,-1.27,-0.11,-1.16
Jordan Bone,2,0.1,0.1,-1.59,-1.10,-0.49
Dwight Buycks,3,0.4,0.1,-1.42,-0.89,-0.53
Melvin Frazier Jr.,2,0.1,0.0,-1.42,-1.00,-0.42
Mindaugas Kuzminskas,2,0.6,0.3,-1.42,-0.06,-1.36
Tyler Ennis,4,1.4,0.3,-1.42,-1.20,-0.22
Peyton Siva,1,0.1,0.1,-1.43,-0.93,-0.49
Charlie Bell,2,1.5,0.7,-1.08,-1.33,+0.25
Chris Clemons,1,0.2,0.2,-1.43,+0.41,-1.83
Juwan Morgan,2,0.1,0.0,-1.91,-1.13,-0.78
Damian Jones,5,1.2,0.2,-1.40,-1.52,+0.12
Ryan Arcidiacono,4,2.2,0.5,-1.41,-0.98,-0.43
Steve Blake,7,8.1,1.2,-1.12,-0.51,-0.60
Dante Cunningham,10,8.5,0.9,-1.44,-1.45,+0.00
Zach Collins,3,1.5,0.5,-1.44,-1.58,+0.14
Cole Anthony,1,0.0,0.0,-2.31,-1.43,-0.88
Anthony Carter,3,1.2,0.4,-1.08,-1.09,+0.00
Elijah Hughes,1,0.0,0.0,-1.57,-0.11,-1.47
Langston Galloway,7,5.5,0.8,-1.46,-0.47,-0.99
Nick Young,10,7.6,0.8,-1.46,+0.21,-1.67
Jon Brockman,3,1.1,0.4,-1.29,-1.09,-0.20
Jeff Ayres,6,1.0,0.2,-1.63,-1.52,-0.11
Marcelo Huertas,2,0.6,0.3,-1.47,-0.78,-0.69
Kay Felder,2,0.3,0.1,-1.47,-1.37,-0.10
Kyle Wiltjer,1,0.0,0.0,-1.47,-0.71,-0.76
O.J. Mayo,7,7.4,1.1,-1.50,-0.09,-1.42
Vlatko Cancar,2,0.0,0.0,-2.39,-1.47,-0.91
Gabe Vincent,2,0.3,0.2,-1.64,-0.91,-0.73
Branden Dawson,1,0.0,0.0,-1.48,-0.45,-1.03
Malik Hairston,1,0.2,0.2,-1.51,-1.24,-0.27
Gary Neal,7,4.7,0.7,-1.37,+0.42,-1.79
Chris Copeland,4,1.1,0.3,-1.52,-0.09,-1.43
Landry Shamet,3,2.3,0.8,-1.56,-0.33,-1.23
Eduardo Najera,3,1.1,0.4,-1.01,-1.59,+0.58
Keyon Dooling,4,2.3,0.6,-1.32,-0.52,-0.80
Marko Guduric,1,0.3,0.3,-1.50,-1.46,-0.04
Jorge Gutierrez,3,0.3,0.1,-1.50,-1.01,-0.49
CJ Elleby,1,0.1,0.1,-1.45,-0.68,-0.77
Reggie Bullock,8,4.5,0.6,-1.44,-0.95,-0.49
Kevin Huerter,3,4.5,1.5,-1.17,-0.48,-0.69
Wesley Johnson,9,8.3,0.9,-1.38,-1.64,+0.26
Leandro Barbosa,8,4.0,0.5,-1.51,-0.11,-1.40
Max Strus,2,0.4,0.2,-1.16,+0.24,-1.40
Damien Wilkins,5,2.9,0.6,-1.31,-1.34,+0.03
Julian Wright,2,1.0,0.5,-1.36,-1.81,+0.44
Sam Merrill,1,0.1,0.1,-1.62,-1.09,-0.53
Cameron Reynolds,2,0.2,0.1,-1.42,-0.83,-0.59
Solomon Hill,8,4.6,0.6,-1.58,-1.27,-0.31
Mickael Pietrus,4,3.2,0.8,-1.13,-1.16,+0.03
Quincy Miller,3,0.5,0.2,-1.58,-1.38,-0.20
Evan Turner,10,10.7,1.1,-1.46,-1.34,-0.11
Jan Vesely,3,1.2,0.4,-1.59,-2.43,+0.84
Dexter Pittman,4,0.1,0.0,-1.73,-1.80,+0.07
Robbie Hummel,2,0.7,0.4,-1.55,-0.83,-0.72
Dzanan Musa,2,0.3,0.1,-1.55,-1.17,-0.38
Nenad Krstic,2,2.1,1.0,-1.35,-1.56,+0.20
Tyler Dorsey,2,0.8,0.4,-1.55,-0.49,-1.06
Grayson Allen,3,1.1,0.4,-1.60,-0.51,-1.09
Anzejs Pasecniks,1,0.2,0.2,-1.56,-1.50,-0.05
Jordan Farmar,7,3.1,0.4,-1.52,-0.05,-1.46
P.J. Washington,2,2.7,1.4,-1.21,-2.02,+0.81
Brandon Sampson,1,0.1,0.1,-1.56,-1.19,-0.38
RJ Hunter,4,0.2,0.0,-1.57,-1.37,-0.20
Ben McLemore,8,5.6,0.7,-1.56,-0.76,-0.80
Caleb Martin,2,0.7,0.4,-1.33,-1.39,+0.05
Nico Mannion,1,0.0,0.0,-2.36,-1.20,-1.17
Dante Exum,6,2.2,0.4,-1.58,-1.32,-0.26
Chris Quinn,3,0.5,0.2,-1.06,-0.14,-0.92
Denzel Valentine,4,2.2,0.6,-1.58,-1.23,-0.35
Kendrick Nunn,2,2.3,1.2,-1.33,-0.44,-0.89
Daequan Cook,4,2.6,0.6,-0.88,-0.29,-0.59
Troy Williams,3,0.5,0.2,-1.60,-1.34,-0.26
Ben Hansbrough,1,0.1,0.1,-1.74,-1.25,-0.49
Jordan Clarkson,7,7.7,1.1,-1.49,+0.67,-2.16
Darrun Hilliard,3,0.4,0.1,-1.61,-1.35,-0.26
Jamaal Magloire,3,0.6,0.2,-1.31,-2.28,+0.98
DeSagana Diop,4,0.8,0.2,-1.03,-2.17,+1.13
Donald Sloan,5,2.1,0.4,-1.46,-0.57,-0.89
Wayne Ellington,12,8.1,0.7,-1.52,-0.36,-1.16
Reggie Williams,7,2.5,0.4,-1.29,+0.54,-1.83
Deng Adel,1,0.1,0.1,-1.62,-1.88,+0.26
Harry Giles III,3,0.9,0.3,-1.55,-1.59,+0.04
Royal Ivey,5,0.7,0.1,-1.63,-1.34,-0.29
Jason Smith,10,4.1,0.4,-1.62,-1.58,-0.04
Michael Beasley,10,5.3,0.5,-1.63,-0.82,-0.81
Facundo Campazzo,1,1.7,1.7,-0.47,-0.94,+0.47
Kelan Martin,2,0.5,0.3,-1.36,-1.20,-0.16
Marco Belinelli,11,9.3,0.8,-1.55,+0.03,-1.58
Drew Gooden,7,3.4,0.5,-1.44,-0.83,-0.61
Luke Kennard,4,2.1,0.5,-1.67,-0.44,-1.23
Rui Hachimura,2,1.4,0.7,-1.64,-1.59,-0.05
Jonathan Gibson,2,0.1,0.1,-1.65,-0.70,-0.95
Meyers Leonard,9,3.0,0.3,-1.67,-1.47,-0.21
James Young,4,0.4,0.1,-1.65,-0.78,-0.87
Nassir Little,2,0.6,0.3,-1.55,-0.97,-0.58
Chris Hunter,1,0.4,0.4,-1.46,-1.19,-0.27
Shelden Williams,3,1.3,0.4,-1.59,-1.89,+0.30
Luke Babbitt,8,2.7,0.3,-1.55,-0.81,-0.74
Dominique Jones,3,0.6,0.2,-1.06,-0.61,-0.45
Joel Przybilla,4,1.2,0.3,-1.27,-3.24,+1.97
PJ Hairston,2,0.8,0.4,-1.67,-1.31,-0.35
Andrew Nicholson,5,1.4,0.3,-1.79,-1.84,+0.05
Zydrunas Ilgauskas,2,1.2,0.6,-1.61,-1.89,+0.29
Earl Barron,5,0.8,0.2,-0.90,-0.89,-0.02
Luther Head,2,0.9,0.5,-1.32,-0.64,-0.68
Lazar Hayward,3,0.5,0.2,-1.15,-0.40,-0.75
Miles Bridges,3,2.0,0.7,-1.76,-0.88,-0.88
E'Twaun Moore,10,5.2,0.5,-1.68,-1.11,-0.57
T.J. Leaf,4,0.6,0.1,-1.65,-0.76,-0.89
Julian Washburn,1,0.1,0.1,-1.68,-1.65,-0.03
Anthony Brown,3,0.3,0.1,-1.68,-1.32,-0.36
Jared Cunningham,4,0.2,0.1,-1.71,-1.29,-0.42
Deyonta Davis,3,0.5,0.2,-1.68,-1.22,-0.47
Timothe Luwawu-Cabarrot,5,1.6,0.3,-1.78,-1.11,-0.68
Sebastian Telfair,5,2.3,0.5,-1.34,-0.62,-0.72
Malcolm Miller,3,0.1,0.0,-1.69,-0.84,-0.84
Malcolm Thomas,4,0.1,0.0,-1.76,-1.27,-0.48
Jaden McDaniels,1,0.7,0.7,-1.63,-2.65,+1.02
Kwame Brown,4,1.6,0.4,-1.44,-1.70,+0.26
Jared Terrell,1,0.0,0.0,-1.70,-1.06,-0.64
Kendrick Perkins,8,5.6,0.7,-1.42,-2.67,+1.25
Cedi Osman,4,2.4,0.6,-1.76,-0.90,-0.86
Lamar Patterson,2,0.2,0.1,-1.70,-1.17,-0.53
Pooh Jeter,1,0.6,0.6,-1.22,-0.65,-0.57
Hilton Armstrong,3,0.6,0.2,-1.33,-2.15,+0.82
Dan Gadzuric,3,0.7,0.2,-0.91,-2.11,+1.19
Orlando Johnson,3,0.6,0.2,-1.51,-0.96,-0.55
Zabian Dowdell,1,0.1,0.1,-1.56,-1.14,-0.41
Caleb Swanigan,3,0.3,0.1,-1.72,-1.68,-0.04
Rakeem Christmas,2,0.1,0.0,-1.73,-1.32,-0.41
Brian Roberts,5,2.1,0.4,-1.71,-0.23,-1.48
Matt Thomas,2,0.2,0.1,-1.95,-0.60,-1.34
Mickael Gelabale,1,0.3,0.3,-1.70,-1.11,-0.59
DeAndre' Bembry,5,2.6,0.5,-1.48,-1.72,+0.24
Keith Bogans,5,2.8,0.6,-1.38,-1.41,+0.04
Allen Crabbe,7,3.4,0.5,-1.75,-0.72,-1.02
Austin Daye,6,2.4,0.4,-1.44,-0.95,-0.48
DJ Mbenga,2,0.3,0.2,-1.55,-3.02,+1.47
Tre Jones,1,0.0,0.0,-2.40,-1.08,-1.33
Devin Ebanks,3,0.4,0.1,-1.56,-1.33,-0.23
Derrick Walton Jr.,2,0.1,0.1,-1.76,-1.15,-0.60
Isaiah Whitehead,2,0.7,0.3,-1.76,-1.54,-0.22
Travis Wear,2,0.3,0.2,-1.76,-1.91,+0.15
Ricky Ledo,2,0.1,0.0,-1.76,-0.64,-1.13
Grant Williams,2,1.0,0.5,-1.58,-2.39,+0.81
RJ Barrett,2,2.6,1.3,-1.37,-0.74,-0.63
Isaiah Taylor,2,0.4,0.2,-1.77,-0.83,-0.95
Obi Toppin,1,0.4,0.4,-1.37,-1.07,-0.29
Randy Foye,8,5.4,0.7,-1.71,-0.52,-1.19
Kevin Jones,1,0.2,0.2,-1.32,-0.88,-0.44
Rasho Nesterovic,1,0.1,0.1,-1.88,-1.21,-0.66
Paul Watson,2,0.1,0.1,-1.90,-1.09,-0.81
Mike Scott,9,2.9,0.3,-1.83,-0.85,-0.98
Darko Milicic,4,1.5,0.4,-1.51,-3.07,+1.56
Justin Jackson,4,1.7,0.4,-1.77,-0.86,-0.91
Marcus Morris,0,0.0,#DIV/0!,#N/A,#N/A,#N/A
Trent Forrest,1,0.1,0.1,-1.63,-0.24,-1.38
Eddie House,2,1.6,0.8,-1.18,+0.05,-1.24
Dairis Bertans,1,0.1,0.1,-1.82,-0.80,-1.03
Luke Harangody,2,0.7,0.3,-1.15,-0.82,-0.33
Nando De Colo,2,0.6,0.3,-1.68,-1.50,-0.18
Treveon Graham,4,0.9,0.2,-1.83,-1.57,-0.26
Earl Boykins,3,0.9,0.3,-1.68,-0.29,-1.39
Eric Maynor,5,2.7,0.5,-1.28,-0.33,-0.95
Arron Afflalo,9,5.5,0.6,-1.87,-0.35,-1.52
Jimmer Fredette,6,1.1,0.2,-1.77,+0.58,-2.34
Amir Coffey,2,0.2,0.1,-1.75,-1.42,-0.34
Luguentz Dort,2,1.0,0.5,-1.66,-1.04,-0.62
Flip Murray,1,1.3,1.3,-1.12,-0.16,-0.96
Dennis Smith Jr.,4,1.3,0.3,-1.86,-1.14,-0.72
Sheldon Mac,1,0.1,0.1,-1.87,-1.47,-0.40
Omari Spellman,2,0.5,0.2,-1.87,-1.46,-0.41
De'Andre Hunter,2,0.9,0.4,-1.83,-1.15,-0.67
Rodney Purvis,1,0.1,0.1,-1.88,-1.09,-0.78
Jannero Pargo,5,1.7,0.3,-1.21,-0.09,-1.11
Cleanthony Early,2,0.2,0.1,-1.88,-1.80,-0.08
Darius Miller,6,1.6,0.3,-1.85,-0.63,-1.22
Kim English,1,0.3,0.3,-1.28,-0.69,-0.59
Ray McCallum,3,0.8,0.3,-1.88,-0.32,-1.57
JJ Hickson,7,2.8,0.4,-1.94,-1.47,-0.47
Derrick Williams,7,3.0,0.4,-1.80,-0.76,-1.05
Devin Brown,1,1.2,1.2,-0.65,-0.84,+0.19
Jalen McDaniels,2,0.4,0.2,-1.79,-1.32,-0.47
Aaron Gray,5,0.9,0.2,-1.77,-2.20,+0.43
Brandon Rush,8,2.4,0.3,-1.90,-1.38,-0.52
Gary Clark,3,0.5,0.2,-1.94,-1.34,-0.60
Tony Battie,3,0.3,0.1,-1.76,-2.83,+1.08
Joel Freeland,3,0.6,0.2,-1.83,-2.13,+0.30
Okaro White,3,0.1,0.0,-1.91,-1.58,-0.33
Jahlil Okafor,6,0.9,0.2,-2.03,-1.80,-0.23
Ognjen Kuzmic,2,0.0,0.0,-1.92,-1.03,-0.89
JaKarr Sampson,6,0.8,0.1,-1.97,-2.21,+0.24
Larry Drew II,2,0.1,0.0,-1.92,-1.12,-0.80
Rodney Carney,2,0.7,0.3,-1.45,-1.00,-0.45
Sean McDermott,1,0.0,0.0,-1.91,-1.31,-0.60
Ike Diogu,2,0.2,0.1,-1.73,-0.83,-0.89
Thanasis Antetokounmpo,3,0.1,0.0,-2.16,-2.33,+0.18
Toure' Murry,2,0.1,0.0,-1.94,-1.25,-0.68
Theo Ratliff,2,0.5,0.3,-1.39,-1.92,+0.54
Austin Rivers,9,4.8,0.5,-1.80,-0.40,-1.40
Chucky Atkins,1,0.5,0.5,-1.13,-0.60,-0.53
Jordan Crawford,6,2.8,0.5,-1.69,+0.39,-2.08
Francisco Elson,3,0.1,0.0,-2.01,-2.48,+0.47
Luke Walton,4,1.4,0.4,-1.25,-1.00,-0.25
Javonte Green,2,0.5,0.2,-1.53,-1.52,-0.02
KJ McDaniels,3,0.5,0.2,-1.96,-1.55,-0.41
Udoka Azubuike,1,0.0,0.0,-1.88,-1.06,-0.82
Mikki Moore,2,0.1,0.0,-2.11,-2.14,+0.04
Alex Abrines,3,0.6,0.2,-1.98,-0.99,-0.98
Kyle Singler,6,1.7,0.3,-1.98,-1.29,-0.68
Richard Hamilton,4,2.2,0.6,-1.61,+0.03,-1.65
Aaron Nesmith,1,0.2,0.2,-1.78,-1.61,-0.17
Alan Anderson,6,1.7,0.3,-1.87,-0.70,-1.17
John Jenkins,6,0.6,0.1,-1.87,-0.71,-1.16
Alonzo Gee,8,1.3,0.2,-2.08,-1.45,-0.63
Tyrone Wallace,3,0.3,0.1,-1.99,-1.44,-0.55
Isaiah Hicks,2,0.1,0.0,-1.99,-1.56,-0.43
Bryn Forbes,5,1.8,0.4,-1.92,-0.70,-1.22
Doug McDermott,7,2.1,0.3,-1.99,-0.41,-1.58
DJ White,5,0.4,0.1,-2.03,-1.56,-0.47
Darius Songaila,2,0.0,0.0,-2.33,-2.26,-0.07
Sean Kilpatrick,4,0.6,0.2,-2.01,-0.26,-1.75
Chris Duhon,4,2.6,0.7,-1.50,-0.82,-0.68
Jordan Hill,8,1.7,0.2,-1.99,-1.32,-0.67
Garrison Mathews,2,0.2,0.1,-2.11,-1.11,-1.01
Robert Sacre,4,0.6,0.1,-2.00,-2.31,+0.31
Marcus Georges-Hunt,2,0.1,0.0,-2.01,-1.36,-0.65
Yi Jianlian,3,1.4,0.5,-1.60,-1.79,+0.19
Furkan Aldemir,1,0.1,0.1,-2.02,-2.00,-0.02
Kenyon Martin Jr.,1,-0.1,-0.1,-2.42,-1.36,-1.07
Saddiq Bey,1,0.4,0.4,-2.00,-0.47,-1.54
Linas Kleiza,3,1.2,0.4,-1.56,-0.48,-1.08
Tyler Herro,2,0.4,0.2,-2.14,-0.33,-1.81
Brandon Paul,1,0.1,0.1,-2.04,-2.19,+0.14
Manny Harris,4,0.8,0.2,-1.58,-1.19,-0.39
Darnell Jackson,2,0.1,0.0,-2.12,-1.68,-0.44
Kyrylo Fesenko,3,0.3,0.1,-1.80,-2.50,+0.70
Darius Bazley,2,-0.1,-0.1,-2.38,-2.44,+0.06
Jarell Martin,4,0.5,0.1,-2.05,-2.15,+0.09
Jerryd Bayless,10,2.6,0.3,-1.98,-0.45,-1.52
Ryan Gomes,4,1.4,0.3,-1.87,-1.35,-0.51
Shannon Brown,6,1.7,0.3,-1.90,-0.79,-1.12
Carsen Edwards,2,0.2,0.1,-1.93,-0.81,-1.11
Quincy Pondexter,7,1.3,0.2,-1.95,-1.04,-0.91
James Michael McAdoo,4,0.1,0.0,-2.07,-1.76,-0.30
Bruno Fernando,2,0.1,0.1,-2.09,-2.04,-0.05
Willie Green,6,1.3,0.2,-2.04,-1.35,-0.69
Nemanja Nedovic,1,0.0,0.0,-2.07,-1.09,-0.98
Antoine Wright,2,0.8,0.4,-1.50,-0.95,-0.54
Anthony Edwards,1,2.2,2.2,-0.90,+0.91,-1.81
Frank Ntilikina,4,0.6,0.1,-2.09,-2.22,+0.14
Will Bynum,6,1.2,0.2,-1.98,-0.07,-1.91
Coby White,2,1.4,0.7,-1.74,-0.38,-1.36
Rasual Butler,6,1.7,0.3,-1.90,-1.19,-0.71
Samardo Samuels,3,0.5,0.2,-1.91,-2.41,+0.50
Ryan Hollins,7,0.7,0.1,-2.10,-2.43,+0.34
Tony Snell,8,1.3,0.2,-2.15,-1.36,-0.79
Miye Oni,2,0.0,0.0,-2.40,-1.65,-0.75
Emmanuel Mudiay,5,0.9,0.2,-2.12,-0.95,-1.17
DeAndre Liggins,5,0.1,0.0,-2.20,-2.60,+0.39
Jerry Stackhouse,4,0.9,0.2,-1.55,-0.56,-0.98
Romeo Langford,2,-0.1,-0.1,-2.60,-2.34,-0.25
Christian Eyenga,2,0.4,0.2,-1.70,-2.14,+0.44
JaJuan Johnson,1,0.1,0.1,-1.92,-2.04,+0.12
Jarron Collins,2,0.1,0.0,-2.03,-2.40,+0.38
Bobby Simmons,3,0.4,0.1,-1.65,-1.19,-0.46
Glenn Robinson III,7,0.5,0.1,-2.15,-1.51,-0.65
Joffrey Lauvergne,4,0.3,0.1,-2.15,-0.78,-1.37
Troy Daniels,7,0.5,0.1,-2.16,-0.12,-2.03
Chris Douglas-Roberts,5,0.7,0.1,-2.03,-1.84,-0.19
Cristiano Felicio,6,0.5,0.1,-2.13,-1.49,-0.64
Jawun Evans,2,0.1,0.0,-2.16,-1.83,-0.33
Henry Sims,4,0.3,0.1,-2.17,-1.65,-0.51
Hamidou Diallo,3,0.0,0.0,-2.30,-1.87,-0.43
Jaylen Adams,2,0.0,0.0,-2.18,-1.76,-0.41
Tyrese Maxey,1,0.8,0.8,-1.07,+0.24,-1.31
Jason Collins,5,0.3,0.1,-2.05,-2.97,+0.92
Solomon Jones,5,0.5,0.1,-1.83,-2.64,+0.81
Sean Marks,2,-0.1,0.0,-2.81,-2.51,-0.30
Sterling Brown,4,0.5,0.1,-2.12,-2.04,-0.08
Ben Gordon,6,0.5,0.1,-2.21,-0.08,-2.14
Cam Reddish,2,0.1,0.0,-2.27,-1.27,-1.00
Josh Jackson,4,0.8,0.2,-2.11,-1.73,-0.38
Victor Claver,3,0.4,0.1,-1.75,-1.42,-0.34
Malik Monk,4,0.2,0.1,-2.23,-0.34,-1.89
Jerome Robinson,3,0.0,0.0,-2.26,-1.92,-0.34
Larry Hughes,2,0.7,0.3,-1.46,-1.36,-0.11
Shane Larkin,4,0.2,0.1,-2.24,-1.58,-0.65
DaJuan Summers,4,0.2,0.1,-1.93,-1.38,-0.55
DeShawn Stevenson,4,2.6,0.6,-1.38,-1.11,-0.26
Josh Howard,4,1.1,0.3,-1.64,-0.91,-0.72
Ty Jerome,2,0.1,0.1,-2.12,-0.91,-1.21
Mario Hezonja,5,0.2,0.0,-2.26,-1.66,-0.60
Kevin Porter Jr.,2,0.2,0.1,-2.18,-1.08,-1.09
Armon Johnson,2,0.1,0.0,-1.95,-1.29,-0.67
Xavier Henry,5,0.6,0.1,-1.99,-1.53,-0.46
Nathan Jawai,1,0.2,0.2,-1.60,-1.53,-0.07
Edmond Sumner,4,0.0,0.0,-2.34,-1.16,-1.18
Elie Okobo,2,0.0,0.0,-2.27,-1.58,-0.69
Derrick Brown,3,-0.4,-0.1,-2.53,-1.04,-1.49
Eric Paschall,2,0.0,0.0,-2.31,-1.06,-1.25
Killian Hayes,1,-0.5,-0.5,-3.45,-2.67,-0.78
Admiral Schofield,1,0.0,0.0,-2.28,-1.91,-0.37
Maalik Wayns,2,0.1,0.0,-1.71,-0.49,-1.22
Chandler Hutchison,3,0.0,0.0,-2.34,-2.27,-0.07
Marcus Williams,1,0.5,0.5,-1.47,-0.30,-1.17
Von Wafer,2,0.2,0.1,-1.96,-1.30,-0.66
Kostas Papanikolaou,2,0.0,0.0,-2.29,-1.67,-0.62
Dragan Bender,4,0.1,0.0,-2.29,-2.17,-0.12
Damyean Dotson,4,-0.4,-0.1,-2.45,-1.34,-1.11
Isaiah Canaan,6,0.1,0.0,-2.29,-0.95,-1.34
Shabazz Muhammad,5,0.0,0.0,-2.30,+0.27,-2.57
Andres Nocioni,3,0.7,0.2,-1.87,-0.60,-1.27
Michael Frazier II,1,0.0,0.0,-2.31,-1.39,-0.92
Jeremy Tyler,3,0.1,0.0,-2.11,-2.02,-0.09
KZ Okpala,2,0.0,0.0,-2.28,-1.88,-0.40
Archie Goodwin,4,-0.1,0.0,-2.35,-1.02,-1.33
Brandon Davies,2,0.0,0.0,-2.35,-2.29,-0.06
Quinn Cook,5,-0.1,0.0,-2.36,-0.64,-1.72
Nicolas Laprovittola,1,0.0,0.0,-2.36,-1.27,-1.10
Wes Iwundu,4,-0.2,0.0,-2.37,-2.33,-0.04
Matt Carroll,4,0.4,0.1,-1.89,-1.19,-0.70
Jarrett Culver,2,-0.1,-0.1,-2.39,-1.96,-0.42
Alfonzo McKinnie,4,0.0,0.0,-2.33,-1.49,-0.84
Allen Iverson,1,0.5,0.5,-1.38,-0.82,-0.56
Dominic McGuire,4,0.9,0.2,-1.77,-2.15,+0.38
Travis Outlaw,5,1.1,0.2,-1.99,-1.07,-0.92
Lonnie Walker IV,3,-1.0,-0.3,-2.87,-1.19,-1.68
Jonathon Simmons,4,-0.4,-0.1,-2.41,-1.52,-0.88
Marquis Daniels,4,0.3,0.1,-2.17,-2.03,-0.14
Keita Bates-Diop,3,0.0,0.0,-2.30,-1.70,-0.60
Johan Petro,4,-0.1,0.0,-2.34,-3.11,+0.77
Chasson Randle,4,-0.6,-0.1,-2.78,-1.74,-1.04
Charles Jenkins,2,0.3,0.1,-1.97,-1.23,-0.74
Michael Redd,3,0.5,0.2,-1.77,+0.33,-2.10
J.R. Giddens,1,0.1,0.1,-1.83,-1.43,-0.39
Kevin Ollie,1,-0.1,-0.1,-2.70,-2.04,-0.66
Isaiah Roby,2,-0.4,-0.2,-2.68,-2.69,+0.01
Derrick Caracter,1,-0.1,-0.1,-3.04,-1.99,-1.05
Fabricio Oberto,2,-0.1,0.0,-2.47,-2.89,+0.42
Al Thornton,2,0.5,0.3,-2.08,-1.46,-0.62
Carlos Arroyo,2,0.5,0.3,-2.04,-1.60,-0.43
Ian Clark,6,-0.5,-0.1,-2.48,-0.83,-1.66
Gary Forbes,2,0.1,0.1,-2.20,-0.62,-1.58
Morris Peterson,2,0.4,0.2,-1.65,-0.97,-0.68
Erick Green,2,-0.1,0.0,-2.49,-0.66,-1.83
Perry Jones III,3,-0.1,0.0,-2.43,-1.69,-0.75
Semih Erden,2,0.0,0.0,-2.31,-2.58,+0.27
Joe Young,3,-0.1,0.0,-2.51,-0.87,-1.64
Marquis Teague,3,0.1,0.0,-2.10,-1.85,-0.25
Sam Young,4,0.5,0.1,-2.12,-1.36,-0.76
Gal Mekel,2,0.0,0.0,-2.53,-1.43,-1.11
Hakim Warrick,4,0.4,0.1,-2.15,-0.74,-1.41
MarShon Brooks,5,-0.5,-0.1,-2.52,-0.85,-1.67
Terrence Williams,4,0.5,0.1,-2.04,-1.16,-0.87
Anthony Bennett,4,-0.3,-0.1,-2.56,-1.75,-0.82
Kevin Seraphin,7,-1.4,-0.2,-2.68,-2.90,+0.22
Rafer Alston,1,0.7,0.7,-1.58,-2.02,+0.44
James White,1,0.0,0.0,-2.19,-1.69,-0.49
Rashad Vaughn,3,-0.3,-0.1,-2.61,-1.77,-0.84
Earl Clark,6,0.2,0.0,-2.24,-2.31,+0.07
Frank Jackson,3,-0.5,-0.2,-2.56,-0.78,-1.78
R.J. Hampton,1,-0.5,-0.5,-3.13,-1.52,-1.61
Acie Law,2,0.1,0.0,-2.23,-0.92,-1.30
Joe Smith,2,0.0,0.0,-2.38,-1.17,-1.21
Jason Kapono,3,0.0,0.0,-2.35,-0.86,-1.49
Tony Wroten,4,-0.6,-0.2,-2.62,-0.84,-1.78
Antonio Blakeney,2,-0.3,-0.1,-2.68,-1.23,-1.45
Isaiah Briscoe,1,-0.1,-0.1,-2.69,-2.48,-0.21
Darius Morris,4,-0.2,0.0,-2.50,-1.75,-0.76
Josh Selby,2,0.0,0.0,-2.56,-1.32,-1.25
Nik Stauskas,5,-1.9,-0.4,-2.73,-1.10,-1.63
Walker Russell,1,0.0,0.0,-2.13,-1.46,-0.66
Ky Bowman,1,-0.3,-0.3,-2.73,-2.85,+0.12
Wayne Selden,3,-0.7,-0.2,-2.74,-1.44,-1.30
Norris Cole,6,-1.8,-0.3,-2.64,-1.33,-1.31
James Anderson,5,-0.7,-0.1,-2.58,-1.58,-1.00
Dahntay Jones,7,-1.1,-0.2,-2.65,-2.00,-0.65
Damjan Rudez,3,-0.5,-0.2,-2.78,-1.42,-1.36
Adreian Payne,4,-0.4,-0.1,-2.80,-2.01,-0.79
Collin Sexton,3,-1.6,-0.5,-2.68,-0.04,-2.64
Jonathan Bender,1,0.1,0.1,-1.98,-1.87,-0.11
Darius Garland,2,-0.5,-0.2,-2.51,-1.04,-1.48
Diante Garrett,2,-0.4,-0.2,-2.80,-1.91,-0.88
Melvin Ely,2,-0.2,-0.1,-2.96,-2.36,-0.60
Terrance Ferguson,4,-1.5,-0.4,-2.87,-2.40,-0.46
Maurice Evans,3,-0.4,-0.1,-2.52,-1.35,-1.17
Wade Baldwin IV,3,-0.2,-0.1,-2.89,-2.39,-0.50
Doron Lamb,2,0.0,0.0,-2.32,-1.51,-0.81
Bobby Brown,3,0.3,0.1,-1.68,-0.30,-1.38
Nick Johnson,1,-0.1,-0.1,-2.92,-1.71,-1.21
Deonte Burton,2,-0.2,-0.1,-2.93,-2.79,-0.13
Dwayne Bacon,4,-2.6,-0.6,-3.29,-2.25,-1.03
Sonny Weems,3,-0.8,-0.3,-2.69,-1.33,-1.36
Sasha Pavlovic,4,0.1,0.0,-2.22,-2.16,-0.06
Etan Thomas,2,-0.1,0.0,-2.64,-2.50,-0.14
Adam Morrison,1,-0.1,-0.1,-2.75,-1.44,-1.31
Michael Finley,1,-0.1,-0.1,-2.61,-1.02,-1.58
Lance Thomas,9,-3.2,-0.4,-2.97,-2.00,-0.98
Semaj Christon,1,-0.4,-0.4,-3.00,-1.46,-1.53
Brian Scalabrine,3,-0.3,-0.1,-2.98,-2.04,-0.94
Jordan Poole,2,-0.9,-0.4,-2.90,-1.35,-1.55
Paul Zipser,2,-0.8,-0.4,-3.03,-2.91,-0.12
Tyshawn Taylor,2,-0.2,-0.1,-3.06,-1.75,-1.30
Jermaine Taylor,2,-0.1,0.0,-2.41,-0.95,-1.46
Abdel Nader,4,-1.2,-0.3,-3.04,-2.48,-0.55
Jacob Evans,2,-0.3,-0.2,-3.10,-2.85,-0.25
James Wiseman,1,-0.5,-0.5,-3.27,-3.03,-0.24
Jabari Brown,1,-0.3,-0.3,-3.13,-1.01,-2.13
Quinton Ross,2,0.0,0.0,-2.26,-2.53,+0.27
Juwan Howard,4,-1.5,-0.4,-3.25,-2.13,-1.12
Semi Ojeleye,4,-2.0,-0.5,-3.14,-2.49,-0.65
Patrick McCaw,5,-2.0,-0.4,-3.24,-2.39,-0.84
Byron Mullens,5,-1.5,-0.3,-2.99,-1.02,-1.96
Raja Bell,3,-1.2,-0.4,-2.91,-1.59,-1.32
DeQuan Jones,1,-0.4,-0.4,-3.01,-1.76,-1.25
Joey Graham,2,-0.7,-0.3,-3.05,-2.71,-0.34
Zeke Nnaji,1,-0.3,-0.3,-3.42,-1.88,-1.54
Jeffery Taylor,3,-1.6,-0.5,-3.27,-2.45,-0.82
Allonzo Trier,2,-1.1,-0.6,-3.29,-1.53,-1.76
Mardy Collins,1,-0.2,-0.2,-2.87,-2.71,-0.16
Ricky Davis,1,-0.2,-0.2,-2.86,-1.55,-1.31
Aleksej Pokusevski,1,-1.3,-1.3,-4.10,-3.21,-0.90
Terrel Harris,2,-0.1,-0.1,-2.67,-1.69,-0.98
Hollis Thompson,4,-4.5,-1.1,-3.39,-1.83,-1.56
Nolan Smith,2,-0.3,-0.1,-2.78,-1.55,-1.23
Patrick Williams,1,-1.6,-1.6,-3.51,-3.14,-0.37
Johnny O'Bryant III,4,-1.3,-0.3,-3.48,-2.45,-1.03
Stephen Graham,2,-1.0,-0.5,-3.17,-2.36,-0.81
Jarvis Hayes,1,-0.6,-0.6,-3.24,-1.61,-1.63
Jawad Williams,2,-0.5,-0.3,-2.99,-1.76,-1.23
Jonny Flynn,3,-2.6,-0.9,-3.36,-1.32,-2.05
Elliot Williams,4,-1.4,-0.4,-3.81,-2.32,-1.50
Isaac Okoro,1,-1.8,-1.8,-3.57,-2.64,-0.93
Anfernee Simons,3,-2.2,-0.7,-3.57,-0.98,-2.59
Andrew Goudelock,3,-0.4,-0.1,-3.54,-1.40,-2.14
Sekou Doumbouya,2,-1.7,-0.8,-3.91,-2.36,-1.55
Jeremy Pargo,3,-0.4,-0.1,-2.89,-1.54,-1.35
Kevin Knox II,3,-4.5,-1.5,-4.17,-2.38,-1.78
Malik Allen,2,-0.7,-0.4,-4.13,-2.76,-1.37
Kobi Simmons,2,-0.8,-0.4,-4.23,-2.09,-2.14
Cory Higgins,2,-0.3,-0.1,-3.22,-2.24,-0.98
Theo Maledon,1,-2.7,-2.7,-4.63,-3.52,-1.12
Josh Powell,3,-2.1,-0.7,-4.88,-3.13,-1.75
Trenton Hassell,1,-1.8,-1.8,-4.81,-3.96,-0.85