Name,Season,Height,Weight,Position,School,Class,RSCI
Blake Griffin,2008-09,82,248,PF,Oklahoma,2,16
James Harden,2008-09,77,222,SG,Arizona State,2,14
Jordan Hill,2008-09,82,232,PF,Arizona,3,353
Hasheem Thabeet,2008-09,86,267,C,UConn,3,64
Stephen Curry,2008-09,75,181,PG/SG,Davidson,3,256
DeMar DeRozan,2008-09,79,211,SG,USC,1,6
BJ Mullens,2008-09,84,258,C,Ohio State,1,2
Jonny Flynn,2008-09,72,196,PG,Syracuse,2,18
Earl Clark,2008-09,82,226,SF,Louisville,3,21
James Johnson,2008-09,80,257,SF,Wake Forest,2,91
Gerald Henderson,2008-09,77,215,SG/SF,Duke,3,15
Jeff Teague,2008-09,74,175,PG,Wake Forest,2,51
Tyreke Evans,2008-09,77,221,SG,Memphis,1,5
Wayne Ellington,2008-09,77,202,SG,UNC,3,9
Eric Maynor,2008-09,75,164,PG,VCU,4,379
Chase Budinger,2008-09,79,206,SG/SF,Arizona,3,6
Derrick Brown,2008-09,80,225,SF,Xavier,3,400
DeJuan Blair,2008-09,78,277,PF,Pitt,2,32
Tyler Hansbrough,2008-09,81,234,PF,UNC,4,9
Terrence Williams,2008-09,78,213,SG/SF,Louisville,4,76
DaJuan Summers,2008-09,80,243,SF,Georgetown,3,19
Ty Lawson,2008-09,72,197,PG,UNC,3,7
Taj Gibson,2008-09,82,214,PF,USC,3,49
Darren Collison,2008-09,73,166,PG,UCLA,4,80
Toney Douglas,2008-09,74,183,PG/SG,Florida State,4,77
Sam Young,2008-09,78,223,SF,Pitt,4,52
Jrue Holiday,2008-09,76,199,PG/SG,UCLA,1,3
Dionte Christmas,2008-09,77,211,SG,Temple,4,400
Jermaine Taylor,2008-09,77,207,SG,Central Florida,4,260
Patrick Mills,2008-09,72,175,PG,Saint Mary's,2,400
Marcus Thornton,2008-09,76,194,SG,LSU,4,121
Josh Heytvelt,2008-09,83,246,PF,Gonzaga,4,85
Austin Daye,2008-09,83,192,SF,Gonzaga,2,34
Jeff Pendergraph,2008-09,82,240,PF,Arizona State,4,161
Curtis Jerrells,2008-09,73,195,PG,Baylor,4,103
Jerel McNeal,2008-09,75,190,SG,Marquette,4,71
Jeff Adrien,2008-09,78,235,PF,UConn,4,50
Leo Lyons,2008-09,81,235,SF/PF,Missouri,4,66
Dante Cunningham,2008-09,80,227,SF/PF,Villanova,4,202
Robert Dozier,2008-09,82,215,SF/PF,Memphis,4,79
Danny Green,2008-09,78,208,SF,UNC,4,27
Tyrese Rice,2008-09,72,190,PG,Boston College,4,236
DeMarre Carroll,2008-09,80,207,SF/PF,Missouri,4,137
Wesley Matthews,2008-09,77,215,SG,Marquette,4,85
Jodie Meeks,2008-09,76,211,SG,Kentucky,3,39
Terrel Harris,2008-09,76,190,SG,Oklahoma State,4,75
Chris Johnson,2008-09,83,205,PF/C,LSU,4,275
AJ Price,2008-09,74,193,PG,UConn,4,27
Courtney Fells,2008-09,78,210,SG,NC State,4,26
Alonzo Gee,2008-09,78,219,SG,Alabama,4,31
Garret Siler,2008-09,83,305,C,Augusta State,4,400
Alex Ruoff,2008-09,78,220,SG,West Virginia,4,164
Paul Harris,2008-09,76,220,SG/SF,Syracuse,3,12
Chinemelu Elonu,2008-09,82,235,PF,Texas A&M,3,400
Jon Brockman,2008-09,79,255,PF,Washington,4,29
Jack McClinton,2008-09,73,185,SG,Miami,4,400
Stefon Jackson,2008-09,77,185,SG,UTEP,4,400
Alade Aminu,2008-09,82,220,SF/PF,Georgia Tech,4,89
Josh Akognon,2008-09,71,185,PG,Cal State Fullerton,4,399
Brandon Costner,2008-09,80,230,SF,NC State,3,23
Lester Hudson,2008-09,75,190,PG/SG,Tennessee-Martin,4,400
Robert Vaden,2008-09,77,205,SG,UAB,4,36
Micah Downs,2008-09,79,180,SG/SF,Gonzaga,4,24
Daniel Hackett,2008-09,78,210,PG/SG,USC,3,65
Luke Nevill,2008-09,85,265,C,Utah,4,386
AJ Abrams,2008-09,71,155,PG/SG,Texas,4,105
Josh Shipp,2008-09,77,220,SG,UCLA,4,37
Dominic James,2008-09,71,180,PG,Marquette,4,51
Jeremy Pargo,2008-09,74,219,PG,Gonzaga,4,108
Russell Hicks,2008-09,84,255,C,Florida International,4,400
Josh Carter,2008-09,79,195,SG,Texas A&M,4,244
Cedric Jackson,2008-09,75,180,PG,Cleveland State,4,180
Antonio Anderson,2008-09,78,214,SG,Memphis,4,46
Kevin Rogers,2008-09,80,225,SF/PF,Baylor,4,55
Charlie Coley,2008-09,79,220,SF,Charlotte,4,400
Lorrenzo Wade,2008-09,78,226,SG,San Diego State,4,62
Eric Devendorf,2008-09,76,175,PG/SG,Syracuse,3,33
Lewis Clinch,2008-09,75,190,SG,Georgia Tech,4,22
Dar Tucker,2008-09,75,200,SG,DePaul,2,46
Connor Atchley,2008-09,82,230,PF,Texas,4,209
John Wall,2009-10,76,196,PG,Kentucky,1,2
Evan Turner,2009-10,79,214,SG,Ohio State,3,47
Derrick Favors,2009-10,82,245,PF,Georgia Tech,1,1
Wesley Johnson,2009-10,79,206,SF,Syracuse,3,340
Greg Monroe,2009-10,83,247,PF/C,Georgetown,2,8
Patrick Patterson,2009-10,81,240,PF,Kentucky,3,10
DeMarcus Cousins,2009-10,83,292,PF/C,Kentucky,1,3
Luke Babbitt,2009-10,81,218,SF/PF,Nevada,2,18
Al-Farouq Aminu,2009-10,80,216,SF,Wake Forest,2,9
Paul George,2009-10,81,214,SF,Fresno State,2,193
Ed Davis,2009-10,82,227,PF,UNC,2,10
Xavier Henry,2009-10,78,210,SG,Kansas,1,6
Avery Bradley,2009-10,75,180,SG,Texas,1,4
Hassan Whiteside,2009-10,84,227,C,Marshall,1,96
Cole Aldrich,2009-10,82,236,C,Kansas,3,27
Gordon Hayward,2009-10,80,211,SF,Butler,2,400
Ekpe Udoh,2009-10,82,237,PF,Baylor,3,264
Devin Ebanks,2009-10,80,208,SF,West Virginia,2,45
James Anderson,2009-10,78,208,SG,Oklahoma State,3,21
Daniel Orton,2009-10,82,269,PF/C,Kentucky,1,18
Elliot Williams,2009-10,76,180,SG,Memphis,2,77
Armon Johnson,2009-10,75,190,PG/SG,Nevada,3,400
Craig Brackins,2009-10,82,229,PF,Iowa State,3,30
Gani Lawal,2009-10,81,233,PF,Georgia Tech,3,19
Dominique Jones,2009-10,76,216,SG,South Florida,3,400
Terrico White,2009-10,77,203,PG/SG,Ole Miss,2,123
Eric Bledsoe,2009-10,73,192,PG/SG,Kentucky,1,68
Larry Sanders,2009-10,82,222,PF/C,VCU,3,355
Damion James,2009-10,79,227,SF,Texas,4,17
Stanley Robinson,2009-10,80,213,SF,UConn,4,18
Willie Warren,2009-10,76,208,PG/SG,Oklahoma,2,11
Lance Stephenson,2009-10,78,227,SG,Cincinnati,1,9
Quincy Pondexter,2009-10,79,215,SF,Washington,4,31
Jordan Crawford,2009-10,76,198,SG,Xavier,2,239
Trevor Booker,2009-10,79,236,PF,Clemson,4,252
Dwayne Collins,2009-10,80,241,PF,Miami,4,113
Lazar Hayward,2009-10,78,226,SF,Marquette,4,75
Tiny Gallon,2009-10,81,296,PF,Oklahoma,1,10
Jerome Jordan,2009-10,85,244,C,Tulsa,4,311
Solomon Alabi,2009-10,85,237,C,Florida State,2,24
DaSean Butler,2009-10,79,225,SF,West Virginia,4,107
Greivis Vasquez,2009-10,78,211,PG/SG,Maryland,4,43
Manny Harris,2009-10,77,185,SG,Michigan,3,37
Mikhail Torrance,2009-10,77,209,PG/SG,Alabama,4,131
Mac Koshwal,2009-10,81,250,PF,DePaul,3,20
Jarvis Varnado,2009-10,81,210,PF,Mississippi State,4,57
Art Parakhouski,2009-10,83,268,C,Radford,4,400
Matt Bouldin,2009-10,77,214,PG/SG,Gonzaga,4,53
Samardo Samuels,2009-10,80,245,PF,Louisville,2,4
Darington Hobson,2009-10,78,204,SF,New Mexico,3,107
Denis Clemente,2009-10,72,175,PG,Kansas State,4,92
Marquis Gilstrap,2009-10,79,215,SF,Iowa State,4,400
Hamady Ndiaye,2009-10,84,240,C,Rutgers,4,69
Charles Garcia,2009-10,81,232,SF/PF,Seattle,3,400
Landon Milbourne,2009-10,79,207,SF,Maryland,4,106
Luke Harangody,2009-10,79,240,SF/PF,Notre Dame,4,89
Sherron Collins,2009-10,71,217,PG,Kansas,4,16
Andy Rautins,2009-10,77,192,SG,Syracuse,4,400
AJ Ogilvy,2009-10,82,250,C,Vanderbilt,3,100
Dexter Pittman,2009-10,83,303,C,Texas,4,118
Michael Washington,2009-10,82,239,PF,Arkansas,4,54
Derrick Caracter,2009-10,81,280,PF,UTEP,3,24
Jerome Dyson,2009-10,75,180,SG,UConn,4,45
Kevin Palmer,2009-10,78,205,SF,Texas A&M Corpus Christi,4,400
Magnum Rolle,2009-10,82,220,SF/PF,Louisiana Tech,4,17
JP Prince,2009-10,79,205,SG,Tennessee,4,25
Theo Robertson,2009-10,78,220,SG/SF,California,4,400
Ben Uzoh,2009-10,75,200,PG/SG,Tulsa,4,169
Ryan Thompson,2009-10,78,210,SG/SF,Rider,4,400
Deon Thompson,2009-10,80,240,PF,UNC,4,50
Tommy Mason-Griffin,2009-10,70,203,PG,Oklahoma,1,32
Jon Scheyer,2009-10,78,180,PG/SG,Duke,4,42
Edwin Ubiles,2009-10,78,198,SG,Siena,4,201
Tyren Johnson,2009-10,80,204,SF,Louisiana Lafayette,4,400
DeShawn Sims,2009-10,80,230,SF/PF,Michigan,4,30
Sylven Landesberg,2009-10,78,210,SG,Virginia,2,35
Wayne Chism,2009-10,80,246,PF,Tennessee,4,41
Marqus Blakely,2009-10,77,225,SF,Vermont,4,400
Jerome Randle,2009-10,70,165,PG,California,4,138
Raymar Morgan,2009-10,79,210,SF,Michigan State,4,34
Aubrey Coleman,2009-10,75,210,SG,Houston,4,400
Landry Fields,2009-10,79,210,SF,Stanford,4,245
Marcus Johnson,2009-10,78,210,SG,USC,4,68
Omar Samhan,2009-10,82,265,C,Saint Mary's,4,399
Dominique Archie,2009-10,79,200,SF,South Carolina,4,136
Patrick Christopher,2009-10,77,210,SG/SF,California,4,58
Scottie Reynolds,2009-10,73,185,PG,Villanova,4,51
Derrick Williams,2010-11,80,248,SF/PF,Arizona,2,94
Kyrie Irving,2010-11,75,191,PG,Duke,1,2
Brandon Knight,2010-11,75,177,PG/SG,Kentucky,1,5
Tristan Thompson,2010-11,81,227,PF,Texas,1,272
Alec Burks,2010-11,78,193,PG/SG,Colorado,2,194
Klay Thompson,2010-11,79,206,SG/SF,Washington State,3,42
Kemba Walker,2010-11,73,184,PG,UConn,3,12
Kawhi Leonard,2010-11,79,227,SF,San Diego State,2,57
Marcus Morris,2010-11,80,230,SF/PF,Kansas,3,113
Markieff Morris,2010-11,81,241,PF,Kansas,3,118
Jordan Hamilton,2010-11,80,228,SG/SF,Texas,2,7
Tobias Harris,2010-11,80,223,SF/PF,Tennessee,1,6
Tyler Honeycutt,2010-11,80,187,SG/SF,UCLA,2,31
Chris Singleton,2010-11,81,230,SF/PF,Florida State,3,17
Marshon Brooks,2010-11,77,195,SG,Providence,4,285
Trey Thompkins,2010-11,82,239,PF,Georgia,3,76
Kenneth Faried,2010-11,79,225,PF,Morehead State,4,400
Darius Morris,2010-11,76,190,PG,Michigan,2,100
JaJuan Johnson,2010-11,82,220,PF,Purdue,4,43
Justin Harper,2010-11,81,228,PF,Richmond,4,400
Nikola Vucevic,2010-11,83,260,C,USC,3,281
Norris Cole,2010-11,73,174,PG,Cleveland State,4,400
Kyle Singler,2010-11,81,228,SF,Duke,4,6
Shelvin Mack,2010-11,74,205,PG/SG,Butler,3,294
Nolan Smith,2010-11,75,189,PG/SG,Duke,4,22
Reggie Jackson,2010-11,75,200,PG/SG,Boston College,3,89
Chandler Parsons,2010-11,82,221,SF,Florida,4,29
Travis Leslie,2010-11,76,205,SG/SF,Georgia,3,105
Jon Leuer,2010-11,83,223,PF,Wisconsin,4,81
Malcolm Lee,2010-11,77,198,PG/SG,UCLA,3,33
Josh Selby,2010-11,75,195,PG/SG,Kansas,1,3
Jordan Williams,2010-11,81,247,PF,Maryland,2,89
Cory Joseph,2010-11,75,186,PG,Texas,1,11
Iman Shumpert,2010-11,77,222,PG/SG,Georgia Tech,3,23
Andrew Goudelock,2010-11,74,198,PG/SG,Charleston,4,400
Keith Benson,2010-11,83,217,C,Oakland,4,400
Charles Jenkins,2010-11,75,216,PG/SG,Hofstra,4,400
Matthew Bryan-Amaning,2010-11,82,232,PF,Washington,4,54
Jimmy Butler,2010-11,79,222,SF,Marquette,4,400
Malcolm Thomas,2010-11,81,223,PF,San Diego State,4,400
Willie Reed,2010-11,81,220,PF,St. Louis,3,262
Ravern Johnson,2010-11,78,170,SG/SF,Mississippi State,4,111
Julyan Stone,2010-11,78,200,PG,UTEP,4,400
Rick Jackson,2010-11,81,242,PF,Syracuse,4,65
DeAndre Liggins,2010-11,78,202,SG,Kentucky,3,34
Greg Smith,2010-11,81,253,PF/C,Fresno State,2,142
Jereme Richmond,2010-11,79,207,SF,Illinois,1,29
Etwaun Moore,2010-11,76,191,PG/SG,Purdue,4,26
David Lighty,2010-11,78,216,SG,Ohio State,4,33
Cameron Long,2010-11,76,192,SG,George Mason,4,400
Justin Hurtt,2010-11,76,195,SG,Tulsa,4,400
LaceDarius Dunn,2010-11,76,188,SG,Baylor,4,41
DeAngelo Casto,2010-11,80,255,PF,Washington State,3,247
Jamie Skeen,2010-11,80,242,PF,VCU,4,68
Gary Flowers,2010-11,80,214,SF,Southern Miss.,4,38
Diante Garrett,2010-11,77,181,PG,Iowa State,4,181
Vernon Macklin,2010-11,82,244,PF,Florida,4,26
Xavier Silas,2010-11,76,200,SG,Northern Illinois,4,229
Chris Wright,2010-11,80,217,SF/PF,Dayton,4,44
Jon Diebler,2010-11,78,197,SG,Ohio State,4,50
Mike Davis,2010-11,81,213,SF/PF,Illinois,4,268
Demetri McCamey,2010-11,75,204,PG,Illinois,4,62
Brad Wanamaker,2010-11,76,208,PG/SG,Pitt,4,87
John Holland,2010-11,77,210,SG,Boston University,4,400
Scotty Hopson,2010-11,79,205,SG/SF,Tennessee,3,7
Justin Brownlee,2010-11,79,219,SF,St. John's (NY),4,351
Dogus Balbay,2010-11,73,180,PG,Texas,4,301
Austin Freeman,2010-11,76,225,SG,Georgetown,4,9
Jeff Allen,2010-11,78,227,SF/PF,Virginia Tech,4,83
Delroy James,2010-11,79,225,SF,Rhode Island,4,121
Chaisson Allen,2010-11,77,193,PG/SG,Northeastern,4,400
Ben Hansbrough,2010-11,75,203,PG/SG,Notre Dame,4,375
Corey Fisher,2010-11,72,202,PG,Villanova,4,23
Randy Culpepper,2010-11,72,160,PG,UTEP,4,400
Lavoy Allen,2010-11,81,225,PF,Temple,4,107
Terrence Jennings,2010-11,82,225,PF,Louisville,3,112
Gilbert Brown,2010-11,78,213,SG,Pitt,4,82
Steven Gray,2010-11,76,210,SG,Gonzaga,4,63
Cory Higgins,2010-11,76,180,PG/SG,Colorado,4,251
Jacob Pullen,2010-11,72,194,PG/SG,Kansas State,4,88
Sam Muldrow,2010-11,81,213,PF,South Carolina,4,117
Alex Tyus,2010-11,80,207,SF/PF,Florida,4,57
Jeremy Hazell,2010-11,77,185,SG,Seton Hall,4,182
Clarence Jackson,2010-11,76,188,SG,Siena,4,364
Ferrakohn Hall,2010-11,80,225,SF/PF,Memphis,4,188
Mark Payne,2010-11,79,206,PG/SG,UC Davis,4,400
Anthony Davis,2011-12,82,222,PF,Kentucky,1,270
Andre Drummond,2011-12,83,279,PF/C,UConn,1,84
Harrison Barnes,2011-12,80,228,SF,UNC,2,1
Bradley Beal,2011-12,76,202,SG,Florida,1,4
Jeremy Lamb,2011-12,77,179,SG,UConn,2,86
Thomas Robinson,2011-12,81,244,PF,Kansas,3,28
Damian Lillard,2011-12,75,189,PG,Weber State,3,214
Michael Kidd-Gilchrist,2011-12,79,233,SF,Kentucky,1,3
Terrence Ross,2011-12,79,197,SG/SF,Washington,2,32
Austin Rivers,2011-12,77,203,SG,Duke,1,2
Meyers Leonard,2011-12,85,250,C,Illinois,2,30
Tyler Zeller,2011-12,84,247,PF/C,UNC,4,16
Kendall Marshall,2011-12,76,197,PG,UNC,2,27
Maurice Harkless,2011-12,80,207,SF,St. John's (NY),1,37
Andrew Nicholson,2011-12,82,234,PF,St. Bonaventure,4,400
Arnett Moultrie,2011-12,83,233,PF,Mississippi State,3,400
Dion Waiters,2011-12,76,215,SG,Syracuse,2,21
Perry Jones,2011-12,83,234,SF/PF,Baylor,2,7
Jared Sullinger,2011-12,81,268,PF,Ohio State,2,4
John Henson,2011-12,82,216,PF,UNC,3,5
Terrence Jones,2011-12,81,252,SF/PF,Kentucky,2,9
Marquis Teague,2011-12,74,189,PG,Kentucky,1,6
Royce White,2011-12,80,261,SF,Iowa State,2,26
John Jenkins,2011-12,76,212,SG,Vanderbilt,3,24
Doron Lamb,2011-12,76,199,SG,Kentucky,2,24
Quincy Miller,2011-12,82,219,SF,Baylor,1,5
Will Barton,2011-12,78,174,SG/SF,Memphis,2,13
Khris Middleton,2011-12,80,216,SG/SF,Texas A&M,3,102
Tony Wroten,2011-12,78,203,PG/SG,Washington,1,19
Jeffery Taylor,2011-12,79,213,SF,Vanderbilt,4,48
Fab Melo,2011-12,84,255,C,Syracuse,2,14
Jared Cunningham,2011-12,77,188,SG,Oregon State,3,136
Festus Ezeli,2011-12,83,264,C,Vanderbilt,4,116
Draymond Green,2011-12,79,236,SF/PF,Michigan State,4,69
Darius Miller,2011-12,79,238,SF,Kentucky,4,82
Kris Joseph,2011-12,79,215,SF,Syracuse,4,58
Kevin Murphy,2011-12,78,195,SG,Tennessee Tech,4,293
Kim English,2011-12,78,192,SG,Missouri,4,127
Drew Gordon,2011-12,81,239,PF,New Mexico,4,29
Mike Scott,2011-12,80,237,PF,Virginia,4,367
Darius Johnson-Odom,2011-12,75,212,SG,Marquette,4,329
JaMychal Green,2011-12,81,217,PF,Alabama,4,14
William Buford,2011-12,77,215,SG,Ohio State,4,13
Hollis Thompson,2011-12,80,205,SG,Georgetown,3,54
Kevin Jones,2011-12,79,251,PF,West Virginia,4,38
Quincy Acy,2011-12,80,224,PF,Baylor,4,197
Robert Sacre,2011-12,83,260,C,Gonzaga,4,176
Chris Johnson,2011-12,77,197,SG,Dayton,4,145
Alex Young,2011-12,78,216,SG/SF,IUPUI,4,400
Maalik Wayns,2011-12,73,205,PG,Villanova,3,23
Henry Sims,2011-12,83,251,C,Georgetown,4,30
Cameron Moore,2011-12,82,223,PF,UAB,4,400
Terrance Henry,2011-12,82,195,SF/PF,Ole Miss,4,59
Miles Plumlee,2011-12,84,252,PF/C,Duke,4,52
Ramone Moore,2011-12,77,188,SG,Temple,4,400
Justin Hamilton,2011-12,84,260,C,LSU,3,194
Tyshawn Taylor,2011-12,75,180,PG/SG,Kansas,4,65
Scott Machado,2011-12,74,205,PG,Iona,4,400
Kyle OQuinn,2011-12,82,241,PF,Norfolk State,4,400
Tony Mitchell,2011-12,78,220,SF,Alabama,3,41
Orlando Johnson,2011-12,77,224,SF,UC Santa Barbara,4,400
Bernard James,2011-12,82,230,PF,Florida State,4,400
Marcus Denmon,2011-12,75,188,PG/SG,Missouri,4,119
Xavier Gibson,2011-12,83,266,PF,Florida State,4,44
Herb Pope,2011-12,80,261,PF,Seton Hall,4,80
JCovan Brown,2011-12,74,202,PG/SG,Texas,3,67
Jae Crowder,2011-12,78,241,SF/PF,Marquette,4,400
Reggie Hamilton,2011-12,73,180,PG,Oakland,4,400
Robbie Hummel,2011-12,80,218,SF,Purdue,4,59
Dee Bost,2011-12,74,180,PG,Mississippi State,4,84
Tu Holloway,2011-12,72,187,PG,Xavier,4,181
Mitchell Watt,2011-12,81,221,PF,Buffalo,4,400
Chace Stanback,2011-12,80,208,SG/SF,UNLV,4,56
Yancy Gates,2011-12,81,289,PF/C,Cincinnati,4,22
Rakim Sanders,2011-12,77,228,SF,Fairfield,4,88
Greg Mangano,2011-12,82,231,PF/C,Yale,4,400
Eli Holman,2011-12,81,258,PF,Detroit,4,78
Ricardo Ratliffe,2011-12,80,244,PF,Missouri,4,154
Bradford Burgess,2011-12,78,212,SG/SF,VCU,4,348
Carlon Brown,2011-12,76,216,SG,Colorado,4,374
Garrett Stutz,2011-12,84,252,C,Wichita State,4,263
Dion Dixon,2011-12,75,190,SG,Cincinnati,4,285
Casper Ware,2011-12,70,170,PG,Long Beach State,4,400
Kenny Frease,2011-12,83,265,C,Xavier,4,40
Zack Rosen,2011-12,73,170,PG,Pennsylvania,4,396
Kent Bazemore,2011-12,77,201,SG,Old Dominion,4,381
Larry Anderson,2011-12,77,211,SG/SF,Long Beach State,4,384
Dario Hunt,2011-12,80,230,PF,Nevada,4,366
Kyle Fogg,2011-12,75,183,SG,Arizona,4,180
Nick Barbour,2011-12,75,175,SG,High Point,4,400
Ben McLemore,2012-13,77,190,SG,Kansas,1,39
Cody Zeller,2012-13,84,230,PF/C,Indiana,2,10
CJ McCollum,2012-13,75,197,PG/SG,Lehigh,4,400
Alex Len,2012-13,85,255,C,Maryland,2,250
Victor Oladipo,2012-13,76,213,SG/SF,Indiana,3,136
Nerlens Noel,2012-13,83,206,PF/C,Kentucky,1,1
Otto Porter,2012-13,81,200,SF,Georgetown,2,31
Anthony Bennett,2012-13,79,240,SF/PF,UNLV,1,6
Trey Burke,2012-13,73,190,PG,Michigan,2,93
Kentavious Caldwell-Pope,2012-13,78,205,SG,Georgia,2,12
Steven Adams,2012-13,84,255,C,Pitt,1,5
Michael Carter-Williams,2012-13,78,185,PG,Syracuse,2,26
Tim Hardaway,2012-13,78,200,SG,Michigan,3,161
Shabazz Muhammad,2012-13,78,225,SF,UCLA,1,2
Kelly Olynyk,2012-13,84,234,C,Gonzaga,3,200
Tony Mitchell,2012-13,81,236,SF/PF,North Texas,2,16
Tony Snell,2012-13,79,198,SG/SF,New Mexico,3,
Nate Wolters,2012-13,77,196,PG,South Dakota State,4,400
Shane Larkin,2012-13,71,171,PG,Miami,2,117
Gorgui Dieng,2012-13,83,230,C,Louisville,3,43
Mason Plumlee,2012-13,83,238,PF,Duke,4,27
Allen Crabbe,2012-13,78,197,SG,California,3,66
Erick Green,2012-13,75,180,PG/SG,Virginia Tech,4,269
Isaiah Canaan,2012-13,72,190,PG,Murray State,4,400
Reggie Bullock,2012-13,79,200,SG/SF,UNC,3,15
Jamaal Franklin,2012-13,77,191,SG/SF,San Diego State,3,400
Lorenzo Brown,2012-13,77,189,PG/SG,NC State,3,29
Jeff Withey,2012-13,84,222,C,Kansas,4,28
CJ Leslie,2012-13,81,209,SF/PF,NC State,3,10
James Ennis,2012-13,79,200,SG/SF,Long Beach State,4,400
Robert Covington,2012-13,79,209,SF,Tennessee State,4,400
James Southerland,2012-13,80,221,SF/PF,Syracuse,4,400
Pierre Jackson,2012-13,70,176,PG,Baylor,4,400
Myck Kabongo,2012-13,74,180,PG,Texas,2,15
Erik Murphy,2012-13,82,240,PF,Florida,4,55
Kenny Kadji,2012-13,82,242,PF/C,Miami,4,27
Trevor Mbakwe,2012-13,80,236,PF/C,Minnesota,4,400
Rodney Williams,2012-13,79,200,SF,Minnesota,4,59
Deshaun Thomas,2012-13,78,220,SF/PF,Ohio State,3,19
Ryan Kelly,2012-13,83,230,PF,Duke,4,16
Archie Goodwin,2012-13,77,189,SG,Kentucky,1,15
Grant Jerrett,2012-13,82,232,PF,Arizona,1,9
Ray McCallum,2012-13,73,190,PG,Detroit,3,26
Dewayne Dedmon,2012-13,83,240,C,USC,3,258
Carrick Felix,2012-13,78,203,SG/SF,Arizona State,4,400
Peyton Siva,2012-13,73,181,PG,Louisville,4,34
Andre Roberson,2012-13,79,206,SF/PF,Colorado,3,153
Solomon Hill,2012-13,79,226,SF,Arizona,4,42
Adonis Thomas,2012-13,78,232,SF,Memphis,2,9
Jackie Carmichael,2012-13,81,240,PF,Illinois State,4,400
Vander Blue,2012-13,77,197,PG/SG,Marquette,3,28
Amath Mbaye,2012-13,81,215,SF,Oklahoma,3,400
Brandon Paul,2012-13,76,200,SG,Illinois,4,125
DJ Stephens,2012-13,77,188,SG/SF,Memphis,4,155
Colton Iverson,2012-13,84,263,PF/C,Colorado State,4,117
Richard Howell,2012-13,79,250,PF/C,NC State,4,65
Mike Muscala,2012-13,83,230,PF/C,Bucknell,4,400
Michael Snaer,2012-13,77,200,SG,Florida State,4,14
BJ Young,2012-13,75,179,SG,Arkansas,2,21
Brandon Davies,2012-13,82,242,PF,BYU,4,327
Arsalan Kazemi,2012-13,79,230,PF,Oregon,4,143
Seth Curry,2012-13,74,180,PG/SG,Duke,4,292
Rodney McGruder,2012-13,76,205,SG,Kansas State,4,106
Alex Oriakhi,2012-13,81,255,PF/C,Missouri,4,20
Will Cherry,2012-13,73,181,PG,Montana,4,282
CJ Aiken,2012-13,81,200,SF/PF,St. Joseph's,3,112
Elias Harris,2012-13,79,240,SF/PF,Gonzaga,4,400
Phil Pressey,2012-13,71,177,PG,Missouri,3,50
Derrick Nix,2012-13,81,270,PF/C,Michigan State,4,76
Kevin Parrom,2012-13,78,220,SG/SF,Arizona,4,93
Jack Cooley,2012-13,81,245,PF,Notre Dame,4,156
Durand Scott,2012-13,77,203,SG,Miami,4,33
Christian Watford,2012-13,81,230,SF,Indiana,4,38
Brandon Triche,2012-13,74,210,PG/SG,Syracuse,4,122
Elijah Johnson,2012-13,74,195,PG/SG,Kansas,4,25
Kenny Boynton,2012-13,74,190,PG/SG,Florida,4,12
Devin Booker,2012-13,80,250,PF/C,Clemson,4,98
Ed Daniel,2012-13,79,225,SF/PF,Murray State,4,400
Marshawn Powell,2012-13,79,240,PF,Arkansas,3,71
Joel Embiid,2013-14,84,250,C,Kansas,1,14
Jabari Parker,2013-14,81,240,SF/PF,Duke,1,4
Andrew Wiggins,2013-14,80,200,SF,Kansas,1,1
Marcus Smart,2013-14,75,227,PG,Oklahoma State,2,10
Julius Randle,2013-14,81,250,PF,Kentucky,1,2
Noah Vonleh,2013-14,81,247,PF,Indiana,1,11
Zach LaVine,2013-14,78,180,PG/SG,UCLA,1,51
Elfrid Payton,2013-14,76,185,PG,Louisiana Lafayette,3,400
Doug McDermott,2013-14,79,220,SF,Creighton,4,155
Aaron Gordon,2013-14,81,220,PF,Arizona,1,3
Gary Harris,2013-14,76,205,SG,Michigan State,2,19
Rodney Hood,2013-14,80,208,SF,Duke,2,29
Nik Stauskas,2013-14,78,207,SG,Michigan,2,110
Glenn Robinson,2013-14,79,211,SF,Michigan,2,17
TJ Warren,2013-14,80,220,SF,NC State,2,23
Kyle Anderson,2013-14,81,230,SF,UCLA,2,3
Jordan Clarkson,2013-14,76,186,PG/SG,Missouri,3,206
Shabazz Napier,2013-14,72,175,PG,UConn,4,82
Tyler Ennis,2013-14,74,180,PG,Syracuse,1,23
James Young,2013-14,78,215,SG,Kentucky,1,9
Jerami Grant,2013-14,80,214,SF,Syracuse,2,48
Cleanthony Early,2013-14,79,210,SF/PF,Wichita State,4,193
CJ Wilcox,2013-14,77,201,SG,Washington,4,111
Adreian Payne,2013-14,82,240,PF,Michigan State,4,22
Jordan Adams,2013-14,77,209,SG,UCLA,2,64
Spencer Dinwiddie,2013-14,78,205,PG/SG,Colorado,3,132
KJ McDaniels,2013-14,78,196,SF,Clemson,3,224
Jarnell Stokes,2013-14,80,260,PF,Tennessee,3,41
Johnny OBryant,2013-14,80,257,PF/C,LSU,3,40
Markel Brown,2013-14,76,185,SG,Oklahoma State,4,142
DeAndre Daniels,2013-14,80,195,SF,UConn,3,18
Nick Johnson,2013-14,75,198,SG,Arizona,3,25
Dwight Powell,2013-14,83,235,PF,Stanford,4,34
Semaj Christon,2013-14,75,186,PG,Xavier,2,31
Khem Birch,2013-14,81,209,PF,UNLV,3,14
Mitch McGary,2013-14,82,266,C,Michigan,2,28
Jabari Brown,2013-14,76,215,SG,Missouri,3,17
James Michael McAdoo,2013-14,81,230,PF,UNC,3,7
Cameron Bairstow,2013-14,82,252,PF,New Mexico,4,400
Deonte Burton,2013-14,73,193,PG/SG,Nevada,4,229
CJ Fair,2013-14,80,218,SF,Syracuse,4,81
Cory Jefferson,2013-14,81,220,PF,Baylor,4,67
Alec Brown,2013-14,85,231,PF/C,Wisconsin Green Bay,4,400
Ronald Roberts,2013-14,80,215,PF,St. Joseph's,4,231
DeAndre Kane,2013-14,76,200,PG/SG,Iowa State,4,400
Tarik Black,2013-14,81,260,PF/C,Kansas,4,62
Patric Young,2013-14,82,247,PF/C,Florida,4,18
Juvonte Reddic,2013-14,81,250,PF/C,VCU,4,176
Fuquan Edwin,2013-14,78,210,SG/SF,Seton Hall,4,162
Andre Dawkins,2013-14,77,205,SG,Duke,4,31
Sean Kilpatrick,2013-14,76,220,SG,Cincinnati,4,341
Jahii Carson,2013-14,71,180,PG,Arizona State,2,32
Kendall Williams,2013-14,75,183,PG,New Mexico,4,149
Roy Devyn,2013-14,78,192,SG,Iowa,4,200
Keith Appling,2013-14,73,180,PG/SG,Michigan State,4,37
Xavier Thames,2013-14,75,187,PG/SG,San Diego State,4,121
Jordan Bachynski,2013-14,86,248,C,Arizona State,4,288
Casey Prather,2013-14,77,200,SG,Florida,4,52
LaQuinton Ross,2013-14,80,240,SF,Ohio State,3,44
Justin Cobbs,2013-14,74,190,PG,California,4,216
Russ Smith,2013-14,73,160,PG/SG,Louisville,4,282
Eric Moreland,2013-14,82,225,PF/C,Oregon State,3,252
Akil Mitchell,2013-14,81,230,PF,Virginia,4,236
Jordan McRae,2013-14,77,180,SG,Tennessee,4,41
Geron Johnson,2013-14,75,203,SG,Memphis,4,154
Lamar Patterson,2013-14,77,225,SG/SF,Pitt,4,99
Melvin Ejim,2013-14,78,220,SF/PF,Iowa State,4,189
Jerrelle Benimon,2013-14,80,245,PF,Towson,4,316
Roscoe Smith,2013-14,81,202,PF,UNLV,3,31
Brendan Lane,2013-14,81,235,PF,Pepperdine,4,64
Richard Solomon,2013-14,83,225,PF/C,California,4,98
Scottie Wilbekin,2013-14,75,170,PG,Florida,4,250
Cameron Clark,2013-14,78,210,SF,Oklahoma,4,33
Talib Zanna,2013-14,80,230,PF,Pitt,4,135
Devin Oliver,2013-14,79,225,SF,Dayton,4,202
Sim Bhullar,2013-14,89,360,C,New Mexico State,2,140
Joe Jackson,2013-14,72,170,PG,Memphis,4,20
Roberto Nelson,2013-14,75,195,PG/SG,Oregon State,4,77
Aaron Craft,2013-14,74,192,PG,Ohio State,4,91
Bryce Cotton,2013-14,72,165,PG,Providence,4,400
Alex Kirk,2013-14,82,252,C,New Mexico,3,88
Jamil Wilson,2013-14,79,220,SF,Marquette,4,50
Karl-Anthony Towns,2014-15,84,250,C,Kentucky,1,5
DAngelo Russell,2014-15,76,195,PG/SG,Ohio State,1,16
Jahlil Okafor,2014-15,83,270,C,Duke,1,1
Justise Winslow,2014-15,78,222,SG/SF,Duke,1,13
Stanley Johnson,2014-15,78,242,SF,Arizona,1,3
Trey Lyles,2014-15,82,240,PF,Kentucky,1,12
Cameron Payne,2014-15,74,185,PG,Murray State,2,359
Myles Turner,2014-15,83,240,C,Texas,1,6
Devin Booker,2014-15,78,205,SG,Kentucky,1,22
Sam Dekker,2014-15,81,220,SF,Wisconsin,3,12
Willie Cauley-Stein,2014-15,84,242,C,Kentucky,3,43
Bobby Portis,2014-15,83,245,PF,Arkansas,2,17
Kelly Oubre,2014-15,79,205,SF,Kansas,1,7
Terry Rozier,2014-15,74,190,PG,Louisville,2,30
Montrezl Harrell,2014-15,80,255,PF,Louisville,3,81
Rashad Vaughn,2014-15,77,200,SG,UNLV,1,10
Jerian Grant,2014-15,76,200,PG,Notre Dame,4,111
Justin Anderson,2014-15,78,230,SG/SF,Virginia,3,50
Frank Kaminsky,2014-15,85,230,C,Wisconsin,4,242
Delon Wright,2014-15,77,180,PG/SG,Utah,4,159
Kevon Looney,2014-15,81,222,PF,UCLA,1,11
Chris McCullough,2014-15,81,200,PF,Syracuse,1,21
Rondae Hollis-Jefferson,2014-15,79,210,SF,Arizona,2,15
Norman Powell,2014-15,76,215,SG,UCLA,4,53
Tyus Jones,2014-15,73,185,PG,Duke,1,8
Jordan Mickey,2014-15,80,240,PF,LSU,2,38
Rakeem Christmas,2014-15,81,245,PF/C,Syracuse,4,23
Richaun Holmes,2014-15,81,245,PF,Bowling Green,4,400
RJ Hunter,2014-15,78,185,SG,Georgia State,3,283
Olivier Hanlan,2014-15,76,185,PG/SG,Boston College,3,211
Jarell Martin,2014-15,81,240,PF,LSU,2,12
Cliff Alexander,2014-15,80,240,PF/C,Kansas,1,4
Christian Wood,2014-15,82,215,PF,UNLV,2,49
Terran Petteway,2014-15,78,210,SF,Nebraska,3,167
Jonathan Holmes,2014-15,81,245,PF,Texas,4,67
Dakari Johnson,2014-15,84,260,C,Kentucky,2,10
Joseph Young,2014-15,74,185,PG/SG,Oregon,4,107
Anthony Brown,2014-15,79,210,SG/SF,Stanford,4,271
Travis Trice,2014-15,73,170,PG,Michigan State,4,207
JP Tokoto,2014-15,78,195,SG/SF,UNC,3,65
Brandon Ashley,2014-15,80,230,PF,Arizona,3,18
Josh Richardson,2014-15,78,200,SG,Tennessee,4,246
Andrew Harrison,2014-15,78,215,PG/SG,Kentucky,2,5
Vince Hunter,2014-15,80,210,SF/PF,UTEP,2,151
Pat Connaughton,2014-15,77,215,SG,Notre Dame,4,97
Branden Dawson,2014-15,79,230,SF/PF,Michigan State,4,16
Aaron White,2014-15,81,220,SF/PF,Iowa,4,169
Michael Frazier,2014-15,77,200,SG,Florida,3,86
Chasson Randle,2014-15,74,180,PG/SG,Stanford,4,62
Larry Nance,2014-15,81,230,PF,Wyoming,4,400
Robert Upshaw,2014-15,84,260,C,Washington,2,56
Bryce Dejean-Jones,2014-15,78,205,SG,Iowa State,4,82
Ryan Boatright,2014-15,71,170,PG,UConn,4,55
Juwan Staten,2014-15,72,190,PG,West Virginia,4,61
Treveon Graham,2014-15,78,220,SG,VCU,4,395
Kevin Pangos,2014-15,74,185,PG,Gonzaga,4,144
Jarvis Williams,2014-15,79,215,PF,Murray State,4,400
LeBryan Nash,2014-15,80,232,SF/PF,Oklahoma State,4,8
Michael Qualls,2014-15,77,205,SF,Arkansas,3,152
Aaron Harrison,2014-15,78,210,SG,Kentucky,2,6
TaShawn Thomas,2014-15,80,240,PF,Oklahoma,4,108
Tyler Harvey,2014-15,76,180,SG,Eastern Washington,3,400
TJ McConnell,2014-15,74,190,PG,Arizona,4,348
Dez Wells,2014-15,76,210,SG,Maryland,4,54
Chris Walker,2014-15,82,210,PF,Florida,2,7
Keifer Sykes,2014-15,72,170,PG,Wisconsin Green Bay,4,400
Will Cummings,2014-15,73,180,PG,Temple,4,330
SirDominic Pointer,2014-15,78,190,SF,St. John's (NY),4,34
Quinn Cook,2014-15,73,180,PG,Duke,4,33
Alan Williams,2014-15,80,260,PF/C,UC Santa Barbara,4,400
DAngelo Harrison,2014-15,75,215,SG,St. John's (NY),4,46
Corey Hawkins,2014-15,74,190,SG,UC Davis,4,178
Darrun Hilliard,2014-15,79,220,SG,Villanova,4,274
Cady Lalanne,2014-15,81,240,C,UMass,4,180
DJ Newbill,2014-15,76,215,SG,Penn State,4,220
Ralston Turner,2014-15,78,210,SG,NC State,4,116
Marcus Thornton,2014-15,75,180,PG/SG,William & Mary,4,400
Trevor Lacey,2014-15,75,210,PG/SG,NC State,3,41
Askia Booker,2014-15,74,170,PG,Colorado,4,290
Derrick Marks,2014-15,75,210,PG/SG,Boise State,4,400
David Kravish,2014-15,82,240,PF,California,4,278
LaDontae Henton,2014-15,77,215,SF,Providence,4,151
Darion Atkins,2014-15,80,240,PF,Virginia,4,320
Ben Simmons,2015-16,82,240,SF/PF,LSU,1,1
Brandon Ingram,2015-16,81,195,SF,Duke,1,3
Jaylen Brown,2015-16,78,225,SG/SF,California,1,4
Kris Dunn,2015-16,76,220,PG,Providence,3,16
Buddy Hield,2015-16,77,215,SG,Oklahoma,4,156
Marquese Chriss,2015-16,82,235,PF,Washington,1,58
Domantas Sabonis,2015-16,82,240,PF/C,Gonzaga,2,200
Jamal Murray,2015-16,76,205,PG/SG,Kentucky,1,10
Dejounte Murray,2015-16,77,170,PG/SG,Washington,1,49
Malik Beasley,2015-16,77,190,SG,Florida State,1,39
Deyonta Davis,2015-16,82,240,PF/C,Michigan State,1,26
Skal Labissiere,2015-16,84,215,PF/C,Kentucky,1,2
Damian Jones,2015-16,83,245,C,Vanderbilt,3,87
Brice Johnson,2015-16,82,210,PF,UNC,4,45
Jakob Poeltl,2015-16,85,240,C,Utah,2,100
Henry Ellenson,2015-16,83,245,PF/C,Marquette,1,9
Malachi Richardson,2015-16,78,200,SG,Syracuse,1,34
Denzel Valentine,2015-16,77,210,SG/SF,Michigan State,4,112
Caris LeVert,2015-16,79,190,SG,Michigan,4,239
Patrick McCaw,2015-16,78,180,SG,UNLV,2,198
Cheick Diallo,2015-16,81,220,PF/C,Kansas,1,5
Taurean Prince,2015-16,80,220,SF,Baylor,4,188
Stephen Zimmerman,2015-16,83,235,PF/C,UNLV,1,11
DeAndre Bembry,2015-16,77,205,SG/SF,St. Joseph's,3,221
Wade Baldwin,2015-16,76,200,PG/SG,Vanderbilt,2,131
Malcolm Brogdon,2015-16,77,225,SG,Virginia,4,98
Gary Payton,2015-16,75,185,PG/SG,Oregon State,4,123
Pascal Siakam,2015-16,81,230,PF,New Mexico State,2,400
Diamond Stone,2015-16,82,255,C,Maryland,1,6
Demetrius Jackson,2015-16,73,195,PG,Notre Dame,3,35
Anthony Barber,2015-16,75,175,PG,NC State,3,26
Joel Bolomboy,2015-16,81,225,PF,Weber State,4,400
Michael Gbinije,2015-16,79,205,SG/SF,Syracuse,4,28
Kahlil Felder,2015-16,69,175,PG,Oakland,3,400
Isaiah Whitehead,2015-16,76,210,PG/SG,Seton Hall,2,14
Daniel Hamilton,2015-16,79,200,SG/SF,UConn,2,17
Tyler Ulis,2015-16,70,150,PG,Kentucky,2,19
Isaiah Cousins,2015-16,76,190,PG/SG,Oklahoma,4,260
Ben Bentil,2015-16,80,230,PF,Providence,2,95
Wayne Selden,2015-16,77,230,SG,Kansas,3,13
AJ Hammons,2015-16,84,260,C,Purdue,4,75
Perry Ellis,2015-16,80,220,PF,Kansas,4,32
Zach Auguste,2015-16,82,240,PF,Notre Dame,4,108
Danuel House,2015-16,79,215,SG/SF,Texas A&M,4,26
Troy Williams,2015-16,79,215,SF,Indiana,3,53
Ron Baker,2015-16,76,215,SG,Wichita State,4,
James Webb,2015-16,81,200,SF/PF,Boise State,3,
Tyrone Wallace,2015-16,77,205,PG/SG,California,4,92
Julian Jacobs,2015-16,76,180,PG/SG,USC,3,303
Derrick Jones,2015-16,79,190,SF,UNLV,1,48
Isaiah Miles,2015-16,80,220,SF/PF,St. Joseph's,4,306
Dorian Finney-Smith,2015-16,80,215,SF/PF,Florida,4,24
Chris Obekpa,2015-16,81,240,C,UNLV,4,66
Marcus Paige,2015-16,74,165,PG,UNC,4,30
Kyle Wiltjer,2015-16,82,245,PF,Gonzaga,4,20
Isaiah Taylor,2015-16,74,180,PG,Texas,3,323
Robert Carter,2015-16,80,250,PF,Maryland,3,27
Sheldon McClellan,2015-16,78,200,SG,Miami,4,45
Alex Poythress,2015-16,80,240,PF,Kentucky,4,7
Jake Layman,2015-16,81,210,SF,Maryland,4,69
Jarrod Uthoff,2015-16,82,215,PF,Iowa,4,114
Damion Lee,2015-16,78,210,SG,Louisville,4,247
Josh Adams,2015-16,74,190,PG,Wyoming,4,400
Georges Niang,2015-16,80,230,SF/PF,Iowa State,4,71
Yogi Ferrell,2015-16,72,180,PG,Indiana,4,21
Kaleb Tarczewski,2015-16,84,245,C,Arizona,4,8
Tim Quarterman,2015-16,78,190,SG,LSU,3,71
Rosco Allen,2015-16,81,220,SF,Stanford,3,79
AJ English,2015-16,75,180,PG/SG,Iona,4,400
Devin Thomas,2015-16,81,250,PF,Wake Forest,4,268
Ryan Anderson,2015-16,81,235,PF,Arizona,4,98
Chinanu Onuaku,2015-16,82,245,C,Louisville,2,68
Anthony Gill,2015-16,80,230,PF,Virginia,4,94
Shawn Long,2015-16,82,250,PF,Louisiana Lafayette,4,400
Jalen Jones,2015-16,79,225,SF,Texas A&M,4,293
Tyler Harris,2015-16,81,220,PF,Auburn,4,123
Andrew Andrews,2015-16,74,205,SG,Washington,4,318
Prince Ibeh,2015-16,83,260,C,Texas,4,58
Stefan Jankovic,2015-16,83,235,PF,Hawaii,3,204
Brannen Greene,2015-16,79,215,SG/SF,Kansas,3,36
DVauntes Smith-Rivera,2015-16,75,215,PG/SG,Georgetown,4,36
Goodluck Okonoboh,2015-16,82,225,C,UNLV,2,28
Josh Jackson,2016-17,80,205,SG/SF,Kansas,1,1
Markelle Fultz,2016-17,76,190,PG,Washington,1,5
Lonzo Ball,2016-17,78,190,PG,UCLA,1,3
DeAaron Fox,2016-17,75,170,PG,Kentucky,1,6
Jonathan Isaac,2016-17,82,210,SF/PF,Florida State,1,8
Dennis Smith Jr,2016-17,74,195,PG,NC State,1,7
Jayson Tatum,2016-17,80,205,SF,Duke,1,4
Malik Monk,2016-17,75,200,SG,Kentucky,1,11
Zach Collins,2016-17,83,230,C,Gonzaga,1,30
Lauri Markkanen,2016-17,84,230,PF,Arizona,1,36
Luke Kennard,2016-17,78,195,SG,Duke,2,21
Donovan Mitchell,2016-17,74,210,SG,Louisville,2,29
Bam Adebayo,2016-17,82,245,PF/C,Kentucky,1,9
TJ Leaf,2016-17,82,225,PF,UCLA,1,18
Kyle Kuzma,2016-17,81,225,PF,Utah,3,187
Jarrett Allen,2016-17,82,235,C,Texas,1,17
Ivan Rabb,2016-17,82,220,PF/C,California,2,7
John Collins,2016-17,81,225,PF/C,Wake Forest,2,185
Justin Jackson,2016-17,80,200,SF,UNC,3,157
Harry Giles,2016-17,82,230,PF/C,Duke,1,2
Justin Patton,2016-17,83,230,C,Creighton,1,85
Cameron Oliver,2016-17,80,240,PF,Nevada,2,169
Wesley Iwundu,2016-17,79,195,SG/SF,Kansas State,4,195
Jawun Evans,2016-17,72,185,PG,Oklahoma State,2,27
Jordan Bell,2016-17,80,225,PF/C,Oregon,3,100
DJ Wilson,2016-17,82,235,PF,Michigan,3,123
Caleb Swanigan,2016-17,81,250,PF/C,Purdue,2,19
Derrick White,2016-17,76,190,PG/SG,Colorado,4,400
Frank Jackson,2016-17,75,200,PG/SG,Duke,1,13
Tyler Lydon,2016-17,81,215,PF,Syracuse,2,72
Josh Hart,2016-17,77,210,SG,Villanova,4,79
OG Anunoby,2016-17,79,235,SF/PF,Indiana,2,294
Tony Bradley,2016-17,82,250,C,UNC,1,25
PJ Dozier,2016-17,78,200,PG/SG,South Carolina,2,25
Sindarius Thornwell,2016-17,77,210,SG,South Carolina,4,31
Frank Mason,2016-17,72,190,PG,Kansas,4,118
Semi Ojeleye,2016-17,78,240,SF/PF,SMU,3,27
Tyler Dorsey,2016-17,76,185,SG,Oregon,2,28
Ike Anigbogu,2016-17,82,250,C,UCLA,1,46
Alec Peters,2016-17,80,235,PF,Valparaiso,4,251
Jaron Blossomgame,2016-17,79,220,SF,Clemson,4,117
Johnathan Motley,2016-17,81,240,PF,Baylor,3,127
Dwayne Bacon,2016-17,78,220,SG/SF,Florida State,2,17
Damyean Dotson,2016-17,78,205,SG/SF,Houston,4,262
Sterling Brown,2016-17,77,225,SG/SF,SMU,4,109
Kadeem Allen,2016-17,74,190,SG,Arizona,4,83
Edmond Sumner,2016-17,77,175,PG/SG,Xavier,2,106
DeAnthony Melton,2016-17,75,195,PG/SG,USC,2,134
Dillon Brooks,2016-17,78,220,SF,Oregon,3,59
LJ Peak,2016-17,76,215,SG,Georgetown,3,65
VJ Beachem,2016-17,79,195,SF,Notre Dame,4,74
Monte Morris,2016-17,74,175,PG,Iowa State,4,83
Charles Cooke,2016-17,77,190,SG,Dayton,4,400
Kobi Simmons,2016-17,76,170,PG/SG,Arizona,1,26
Antonio Blakeney,2016-17,76,195,SG,LSU,2,16
Devin Robinson,2016-17,80,190,SF/PF,Florida,3,18
Nigel Williams-Goss,2016-17,75,190,PG,Gonzaga,3,34
Isaiah Hicks,2016-17,80,235,PF,UNC,4,16
Thomas Bryant,2016-17,83,250,C,Indiana,2,20
Melo Trimble,2016-17,74,195,PG,Maryland,3,32
Chance Comanche,2016-17,83,215,PF/C,Arizona,2,50
Davon Reed,2016-17,78,205,SG/SF,Miami,4,113
Chris Boucher,2016-17,81,185,PF/C,Oregon,4,100
Jaylen Johnson,2016-17,81,230,PF,Louisville,3,87
Moses Kingsley,2016-17,82,230,C,Arkansas,4,50
Isaac Humphries,2016-17,84,260,C,Kentucky,2,47
Bronson Koenig,2016-17,75,190,PG,Wisconsin,4,110
Jacob Wiley,2016-17,79,215,PF,Eastern Washington,4,400
Andrew White,2016-17,79,220,SF,Syracuse,4,54
Peter Jok,2016-17,77,205,SG,Iowa,4,304
Eric Mika,2016-17,82,230,PF/C,BYU,2,40
Luke Kornet,2016-17,85,250,C,Vanderbilt,4,364
Isaiah Briscoe,2016-17,74,220,PG/SG,Kentucky,2,12
Justin Tuoyo,2016-17,81,230,PF/C,Chattanooga,4,184
Jalen Moore,2016-17,80,215,SF,Utah State,4,400
Kennedy Meeks,2016-17,82,275,C,UNC,4,58
Derrick Walton,2016-17,72,190,PG,Michigan,4,46
James Blackmon,2016-17,75,200,SG,Indiana,3,20
Zak Irvin,2016-17,78,210,SG,Michigan,4,29
Jabari Bird,2016-17,78,200,SG,California,4,21
Jamel Artis,2016-17,79,215,SF,Pitt,4,209
Nigel Hayes,2016-17,79,255,PF,Wisconsin,4,137
Landen Lucas,2016-17,82,240,C,Kansas,4,251
Xavier Rathan-Mayes,2016-17,75,210,PG/SG,Florida State,3,47
Austin Nichols,2016-17,81,235,PF,Virginia,3,22
Tyler Roberson,2016-17,80,225,PF,Syracuse,4,42
Amida Brimah,2016-17,83,230,C,UConn,4,241
Deandre Ayton,2017-18,84,260,C,Arizona,1,4
Marvin Bagley,2017-18,83,235,PF,Duke,1,1
Jaren Jackson,2017-18,83,235,PF/C,Michigan State,1,8
Trae Young,2017-18,74,180,PG,Oklahoma,1,23
Wendell Carter,2017-18,82,250,C,Duke,1,7
Michael Porter,2017-18,83,210,SF,Missouri,1,308
Mikal Bridges,2017-18,79,210,SG/SF,Villanova,3,81
Mohamed Bamba,2017-18,84,225,C,Texas,1,3
Shai Gilgeous-Alexander,2017-18,78,180,PG,Kentucky,1,31
Jerome Robinson,2017-18,77,190,SG,Boston College,3,308
Donte DiVincenzo,2017-18,77,200,SG,Villanova,2,124
Zhaire Smith,2017-18,76,200,SG,Texas Tech,1,194
Collin Sexton,2017-18,74,185,PG,Alabama,1,5
Kevin Knox,2017-18,81,215,SF/PF,Kentucky,1,11
Lonnie Walker,2017-18,77,195,SG,Miami,1,16
Kevin Huerter,2017-18,79,195,SG,Maryland,2,65
Miles Bridges,2017-18,78,220,SF/PF,Michigan State,2,12
Robert Williams,2017-18,81,240,PF/C,Texas A&M,2,61
Jontay Porter,2017-18,83,210,PF/C,Missouri,2,25
Troy Brown,2017-18,79,210,SG,Oregon,1,13
Khyri Thomas,2017-18,76,200,SG,Creighton,3,326
Gary Trent Jr,2017-18,77,205,SG,Duke,1,17
Grayson Allen,2017-18,76,200,SG,Duke,4,26
Chandler Hutchison,2017-18,79,195,SG/SF,Boise State,4,112
Aaron Holiday,2017-18,73,185,PG,UCLA,3,54
Moritz Wagner,2017-18,83,240,PF/C,Michigan,3,119
Josh Okogie,2017-18,76,210,SG/SF,Georgia Tech,2,182
Jacob Evans,2017-18,77,200,SG/SF,Cincinnati,3,130
Landry Shamet,2017-18,77,190,PG/SG,Wichita State,2,148
Jalen Brunson,2017-18,74,200,PG,Villanova,3,22
DeAnthony Melton,2017-18,75,195,PG/SG,USC,2,134
Omari Spellman,2017-18,81,255,PF/C,Villanova,1,20
Keita Bates-Diop,2017-18,80,225,SF/PF,Ohio State,3,29
Melvin Frazier,2017-18,78,200,SG/SF,Tulane,3,182
Rawle Alkins,2017-18,76,220,SG,Arizona,2,21
Jarred Vanderbilt,2017-18,81,215,SF,Kentucky,1,12
Trevon Duval,2017-18,75,190,PG,Duke,1,6
Brandon McCoy,2017-18,85,250,C,UNLV,1,14
Alize Johnson,2017-18,80,215,PF,Missouri State,4,400
Chimezie Metu,2017-18,82,220,PF/C,USC,3,38
Raymond Spalding,2017-18,82,215,PF,Louisville,3,
Sviatoslav Mykhailiuk,2017-18,80,210,SG,Kansas,4,239
Keenan Evans,2017-18,75,185,PG/SG,Texas Tech,4,292
Bruce Brown,2017-18,77,195,SG,Miami,2,28
Shake Milton,2017-18,78,205,PG/SG,SMU,3,90
Hamidou Diallo,2017-18,77,195,SG,Kentucky,1,10
Kevin Hervey,2017-18,80,215,SF/PF,Texas Arlington,4,400
Jevon Carter,2017-18,73,195,PG,West Virginia,4,299
Tony Carr,2017-18,76,200,PG,Penn State,2,51
Justin Jackson,2017-18,79,230,SF/PF,Maryland,2,9
Kenrich Williams,2017-18,79,200,SF,TCU,4,389
Kelan Martin,2017-18,78,230,SF/PF,Butler,4,140
Malik Newman,2017-18,76,190,SG,Kansas,2,8
Devonte Graham,2017-18,73,185,PG,Kansas,4,40
Yante Maten,2017-18,80,245,PF,Georgia,4,225
Jaylen Barford,2017-18,74,205,SG,Arkansas,4,400
Rob Gray,2017-18,73,185,PG/SG,Houston,4,400
Allonzo Trier,2017-18,77,200,SG,Arizona,3,13
DJ Hogg,2017-18,80,220,SF/PF,Texas A&M,3,30
Dikembe Dixson,2017-18,79,200,SF,Illinois-Chicago,4,231
JP Macura,2017-18,77,205,SG,Xavier,4,102
Tyler Davis,2017-18,82,270,C,Texas A&M,3,31
Isaac Haas,2017-18,86,300,C,Purdue,4,82
Jaylen Adams,2017-18,74,190,PG/SG,St. Bonaventure,4,400
Gary Clark,2017-18,79,220,PF,Cincinnati,4,105
Vince Edwards,2017-18,80,225,SF,Purdue,4,
Devon Hall,2017-18,77,205,PG/SG,Virginia,4,122
George King,2017-18,78,220,SF,Colorado,4,400
Bonzie Colson,2017-18,77,225,SF/PF,Notre Dame,4,139
Johnathan Williams,2017-18,80,225,PF,Gonzaga,4,45
Deng Adel,2017-18,79,200,SF,Louisville,3,35
Kendall Stephens,2017-18,79,205,SG/SF,Nevada,4,62
Joel Berry,2017-18,72,195,PG,UNC,4,30
Theo Pinson,2017-18,78,210,SG,UNC,4,15
Donte Grantham,2017-18,80,215,SF/PF,Clemson,4,92
Tra Holder,2017-18,73,180,PG,Arizona State,4,109
Kostas Antetokounmpo,2017-18,82,195,SF/PF,Dayton,1,102
Thomas Wilder,2017-18,75,190,PG,Western Michigan,4,400
Jo Lual-Acuil,2017-18,84,225,C,Baylor,4,400
Malik Pope,2017-18,81,220,PF,San Diego State,4,51
Ajdin Penava,2017-18,81,220,PF,Marshall,3,400
Wenyen Gabriel,2017-18,81,205,SF/PF,Kentucky,2,15
Jared Terrell,2017-18,75,215,SG,Rhode Island,4,64
Marcus Foster,2017-18,74,215,PG/SG,Creighton,4,178
Muhammad-Ali Abdur-Rahkman,2017-18,76,190,SG,Michigan,4,400
Trevon Bluiett,2017-18,77,215,SG,Xavier,4,39
Kyle Washington,2017-18,81,240,PF,Cincinnati,4,82
Chris Chiozza,2017-18,72,175,PG,Florida,4,44
Anas Mahmoud,2017-18,84,215,C,Louisville,4,163
Jock Landale,2017-18,83,255,C,Saint Mary's,4,343
Kendrick Nunn,2017-18,75,190,SG,Oakland,4,56
Zion Williamson,2018-19,78,280,PF,Duke,1,5
Ja Morant,2018-19,75,175,PG,Murray State,2,328
RJ Barrett,2018-19,79,210,SG,Duke,1,1
Coby White,2018-19,77,190,PG/SG,UNC,1,25
Rui Hachimura,2018-19,80,235,PF,Gonzaga,3,148
DeAndre Hunter,2018-19,79,225,SF/PF,Virginia,2,91
Darius Garland,2018-19,74,175,PG,Vanderbilt,1,14
Nassir Little,2018-19,78,225,SF,UNC,1,3
Keldon Johnson,2018-19,78,215,SG/SF,Kentucky,1,13
Bruno Fernando,2018-19,82,240,C,Maryland,2,87
Jaxson Hayes,2018-19,83,220,PF/C,Texas,1,102
Jarrett Culver,2018-19,78,195,SG,Texas Tech,2,312
Mfiondu Kabengele,2018-19,82,255,PF/C,Florida State,2,270
Matisse Thybulle,2018-19,78,200,SG/SF,Washington,4,104
Cam Reddish,2018-19,80,210,SG/SF,Duke,1,2
Romeo Langford,2018-19,78,210,SG,Indiana,1,7
Nickeil Alexander-Walker,2018-19,77,205,SG,Virginia Tech,2,40
PJ Washington,2018-19,80,230,PF,Kentucky,2,15
Nicolas Claxton,2018-19,83,215,PF,Georgia,2,231
Bol Bol,2018-19,86,210,C,Oregon,1,4
Brandon Clarke,2018-19,80,210,PF/C,Gonzaga,3,400
KZ Okpala,2018-19,80,210,SG/SF,Stanford,2,42
Chuma Okeke,2018-19,80,235,SF/PF,Auburn,2,47
Tyler Herro,2018-19,78,195,SG,Kentucky,1,37
Eric Paschall,2018-19,79,255,PF,Villanova,4,210
Dylan Windler,2018-19,79,195,SG/SF,Belmont,4,377
Cameron Johnson,2018-19,80,205,SF,UNC,4,224
Naz Reid,2018-19,82,255,C,LSU,1,18
Ty Jerome,2018-19,77,195,PG,Virginia,3,44
Louis King,2018-19,80,195,SF,Oregon,1,20
Daniel Gafford,2018-19,82,240,PF/C,Arkansas,2,39
Kevin Porter Jr,2018-19,77,215,SG/SF,USC,1,28
Carsen Edwards,2018-19,72,200,PG,Purdue,3,118
Jalen McDaniels,2018-19,81,190,SF/PF,San Diego State,2,120
Ky Bowman,2018-19,74,180,PG,Boston College,3,324
Terance Mann,2018-19,78,205,SG,Florida State,4,100
Jordan Bone,2018-19,75,180,PG,Tennessee,3,171
Justin Wright-Foreman,2018-19,74,190,PG/SG,Hofstra,4,400
Grant Williams,2018-19,79,240,PF,Tennessee,3,191
Jaylen Nowell,2018-19,76,200,PG/SG,Washington,2,67
Zylan Cheatham,2018-19,80,220,SF/PF,Arizona State,4,72
Terence Davis,2018-19,76,190,PG/SG,Ole Miss,4,171
Oshae Brissett,2018-19,80,205,SF,Syracuse,2,137
Jontay Porter,2018-19,83,210,PF/C,Missouri,2,25
Jaylen Hoard,2018-19,80,215,SF/PF,Wake Forest,1,24
Kenny Wooten,2018-19,81,230,PF/C,Oregon,2,129
Isaiah Roby,2018-19,80,215,SF/PF,Nebraska,3,133
Marial Shayok,2018-19,78,195,SG/SF,Iowa State,4,166
Zach Norvell,2018-19,78,205,SG,Gonzaga,2,103
Jaylen Hands,2018-19,75,180,PG,UCLA,2,22
Tacko Fall,2018-19,90,290,C,Central Florida,4,142
Kyle Guy,2018-19,74,170,PG/SG,Virginia,3,37
Simisola Shittu,2018-19,82,230,PF,Vanderbilt,1,11
Tyler Cook,2018-19,80,245,PF,Iowa,3,72
Talen Horton-Tucker,2018-19,76,235,SG/SF,Iowa State,1,57
Luguentz Dort,2018-19,76,220,SG,Arizona State,1,30
Charlie Brown,2018-19,79,200,SG,St. Joseph's,2,400
Lindell Wigginton,2018-19,74,190,PG,Iowa State,2,35
Miye Oni,2018-19,77,205,SG,Yale,3,400
Admiral Schofield,2018-19,77,240,SF,Tennessee,4,251
Tyus Battle,2018-19,78,205,SG,Syracuse,3,34
Aubrey Dawkins,2018-19,78,205,SG/SF,Central Florida,3,396
James Palmer,2018-19,78,210,SG,Nebraska,4,105
Ignas Brazdeikis,2018-19,79,220,SF,Michigan,1,40
Shamorie Ponds,2018-19,73,180,PG,St. John's (NY),3,45
DMarcus Simonds,2018-19,75,195,PG/SG,Georgia State,3,196
Caleb Martin,2018-19,78,200,SG/SF,Nevada,4,61
Jordan Poole,2018-19,77,190,PG/SG,Michigan,2,93
Dewan Hernandez,2018-19,82,235,C,Miami,3,27
Marques Bolden,2018-19,83,250,C,Duke,3,14
Aric Holman,2018-19,82,225,PF,Mississippi State,4,105
Matt Morgan,2018-19,74,180,SG,Cornell,4,400
Chris Clemons,2018-19,69,180,PG,Campbell,4,400
Robert Franks,2018-19,80,230,SF/PF,Washington State,4,371
Quinndary Weatherspoon,2018-19,76,205,SG,Mississippi State,4,102
Charles Matthews,2018-19,78,195,SG,Michigan,3,60
Christ Koumadje,2018-19,88,265,C,Florida State,4,322
Donta Hall,2018-19,81,230,C,Alabama,4,151
Dedric Lawson,2018-19,80,235,PF,Kansas,3,36
Bennie Boatwright,2018-19,82,230,PF,USC,4,59
CJ Massinburg,2018-19,75,195,SG,Buffalo,4,400
Cody Martin,2018-19,78,190,SG,Nevada,4,73
Jarrey Foster,2018-19,78,220,SF,SMU,4,221
Barry Brown,2018-19,75,195,PG/SG,Kansas State,4,250
Jarrell Brantley,2018-19,79,255,PF,Charleston,4,400
Anthony Edwards,2019-20,77,225,SG,Georgia,1,2
Obi Toppin,2019-20,81,220,PF,Dayton,2,343
Onyeka Okongwu,2019-20,81,235,PF/C,USC,1,25
Patrick Williams,2019-20,79,215,SF/PF,Florida State,1,26
Isaac Okoro,2019-20,78,215,SG/SF,Auburn,1,36
James Wiseman,2019-20,85,235,C,Memphis,1,1
Tyrese Haliburton,2019-20,77,185,PG,Iowa State,2,172
Devin Vassell,2019-20,79,200,SG,Florida State,2,200
Josh Green,2019-20,78,215,SG,Arizona,1,13
Tyrell Terry,2019-20,75,170,PG,Stanford,1,109
Cole Anthony,2019-20,75,185,PG,UNC,1,4
Precious Achiuwa,2019-20,81,235,SF/PF,Memphis,1,15
Kira Lewis,2019-20,75,170,PG,Alabama,2,39
Vernon Carey,2019-20,82,270,PF/C,Duke,1,6
Jalen Smith,2019-20,82,220,PF,Maryland,2,16
Saddiq Bey,2019-20,80,215,SF,Villanova,2,137
Jaden McDaniels,2019-20,82,200,PF,Washington,1,8
Aaron Nesmith,2019-20,78,215,SG/SF,Vanderbilt,2,64
Tyrese Maxey,2019-20,75,200,SG,Kentucky,1,10
Nico Mannion,2019-20,75,190,PG,Arizona,1,9
Tyler Bey,2019-20,79,215,PF,Colorado,3,130
Zeke Nnaji,2019-20,83,245,PF/C,Arizona,1,40
Daniel Oturu,2019-20,82,240,C,Minnesota,2,50
Isaiah Joe,2019-20,76,170,SG,Arkansas,2,170
Elijah Hughes,2019-20,78,230,SG,Syracuse,3,200
Devon Dotson,2019-20,74,185,PG,Kansas,2,21
Malachi Flynn,2019-20,74,185,PG,San Diego State,3,293
Reggie Perry,2019-20,81,250,PF/C,Mississippi State,2,31
Desmond Bane,2019-20,78,220,SG,TCU,4,343
Jahmius Ramsey,2019-20,76,195,SG,Texas Tech,1,32
Payton Pritchard,2019-20,74,195,PG,Oregon,4,54
Immanuel Quickley,2019-20,75,185,PG/SG,Kentucky,2,22
Paul Reed,2019-20,82,220,PF/C,DePaul,3,271
Cassius Stanley,2019-20,78,200,SG,Duke,1,37
Jordan Nwora,2019-20,79,225,SF,Louisville,3,88
Isaiah Stewart,2019-20,80,245,PF/C,Washington,1,3
Tre Jones,2019-20,74,185,PG,Duke,2,15
Karim Mane,2019-20,78,195,SG,Canada,2,58
Naji Marshall,2019-20,79,235,PG/SG,Xavier,3,58
Nick Richards,2019-20,84,240,C,Kentucky,3,18
Robert Woodard,2019-20,79,230,SF,Mississippi State,2,63
Ty-Shon Alexander,2019-20,75,200,PG/SG,Creighton,2,113
Markus Howard,2019-20,71,170,PG,Marquette,4,68
Nate Hinton,2019-20,77,210,SG/SF,Houston,2,105
Udoka Azubuike,2019-20,83,260,C,Kansas,4,33
Trent Forrest,2019-20,77,205,PG/SG,Florida State,4,70
CJ Elleby,2019-20,79,200,SG/SF,Washington State,2,385
Grant Riller,2019-20,73,180,PG/SG,Charleston,4,400
Ashton Hagans,2019-20,75,195,PG,Kentucky,2,12
Austin Wiley,2019-20,82,260,C,Auburn,4,35
Omer Yurtseven,2019-20,84,275,C,Georgetown,3,55
Lamar Stevens,2019-20,79,230,SF/PF,Penn State,4,98
Jalen Harris,2019-20,76,195,PG/SG,Nevada,3,325
Skylar Mays,2019-20,76,205,PG/SG,LSU,4,135
Yoeli Childs,2019-20,79,225,PF,BYU,4,115
Mamadi Diakite,2019-20,82,220,PF,Virginia,4,32
Xavier Tillman,2019-20,81,265,PF/C,Michigan State,2,112
Saben Lee,2019-20,74,175,PG/SG,Vanderbilt,2,105
Tyrique Jones,2019-20,80,235,PF,Xavier,4,105
Cassius Winston,2019-20,74,195,PG,Michigan State,4,31
Steven Enoch,2019-20,82,250,C,Louisville,4,84
Malik Fitts,2019-20,80,230,SF,Saint Mary's,3,318
Killian Tillie,2019-20,82,220,PF,Gonzaga,4,123
Mustapha Heron,2019-20,77,220,SG,St. John's (NY),4,22
Kamar Baldwin,2019-20,73,195,PG,Butler,4,155
Rayshaun Hammonds,2019-20,80,235,PF,Georgia,3,51
Breein Tyree,2019-20,74,195,PG/SG,Ole Miss,3,179
Khalil Whitney,2019-20,79,205,SF,Kentucky,1,11
Isiaha Mike,2019-20,80,200,SF,SMU,2,400
Anthony Cowan,2019-20,72,170,PG,Maryland,4,62
Tres Tinkle,2019-20,80,225,SF,Oregon State,4,78
Myles Powell,2019-20,74,195,SG,Seton Hall,3,81
Davide Moretti,2019-20,74,185,PG/SG,Texas Tech,2,98
Lamine Diane,2019-20,79,200,SF,Cal State Northridge,2,166
EJ Montgomery,2019-20,82,230,PF,Kentucky,2,9
Kaleb Wesson,2019-20,82,255,C,Ohio State,3,75
Kristian Doolittle,2019-20,79,235,SF,Oklahoma,4,121
Jordan Ford,2019-20,73,175,PG,Saint Mary's,3,154
Freddie Gillespie,2019-20,81,245,PF/C,Baylor,4,400
Sam Merrill,2019-20,77,205,SG,Utah State,4,400
Trevelin Queen,2019-20,78,190,SG,New Mexico State,4,400
Nathan Knight,2019-20,81,235,C,William & Mary,4,400
Anthony Lamb,2019-20,78,225,SF/PF,Vermont,4,400
Alpha Diallo,2019-20,78,210,SG/SF,Providence,4,117
Cade Cunningham,2020-21,80,220,PG/SG,Oklahoma State,1,1
Evan Mobley,2020-21,84,215,PF/C,USC,1,3
Jalen Suggs,2020-21,76,205,PG,Gonzaga,1,11
Scottie Barnes,2020-21,80,225,SF/PF,Florida State,1,7
James Bouknight,2020-21,77,190,SG,UConn,2,66
Moses Moody,2020-21,78,210,SG,Arkansas,1,46
Ziaire Williams,2020-21,81,190,SG/SF,Stanford,1,6
Kai Jones,2020-21,83,220,C,Texas,2,51
Franz Wagner,2020-21,82,220,SF/PF,Michigan,2,114
Davion Mitchell,2020-21,73,200,PG,Baylor,3,59
Corey Kispert,2020-21,79,225,SG/SF,Gonzaga,4,106
Trey Murphy,2020-21,81,205,SF/PF,Virginia,3,400
Keon Johnson,2020-21,77,185,SG/SF,Tennessee,1,19
Jalen Johnson,2020-21,81,210,SF/PF,Duke,1,147
Joshua Primo,2020-21,77,190,SG,Alabama,1,62
Miles McBride,2020-21,74,195,PG,West Virginia,2,301
NahShon Hyland,2020-21,75,170,PG/SG,VCU,2,81
Chris Duarte,2020-21,78,190,SG,Oregon,4,237
Cameron Thomas,2020-21,75,200,SG,LSU,1,25
Ayo Dosunmu,2020-21,77,195,PG/SG,Illinois,3,32
Jared Butler,2020-21,75,195,PG/SG,Baylor,3,97
Brandon Boston Jr,2020-21,79,185,SG,Kentucky,1,5
Jaden Springer,2020-21,76,200,SG,Tennessee,1,16
Joel Ayayi,2020-21,77,180,PG/SG,Gonzaga,3,100
Charles Bassey,2020-21,82,230,PF/C,Western Kentucky,3,6
Josh Christopher,2020-21,76,215,SG,Arizona State,1,12
Tre Mann,2020-21,76,180,PG,Florida,2,21
Isaiah Jackson,2020-21,82,205,PF/C,Kentucky,1,30
Sharife Cooper,2020-21,73,180,PG,Auburn,1,24
Jason Preston,2020-21,76,180,PG,Ohio,3,400
Quentin Grimes,2020-21,77,210,SG,Houston,3,10
Greg Brown,2020-21,80,205,SF/PF,Texas,1,9
JT Thor,2020-21,82,205,PF/C,Auburn,1,54
Aaron Wiggins,2020-21,78,190,SG,Maryland,3,42
Herb Jones,2020-21,79,205,SG/SF,Alabama,4,148
Moses Wright,2020-21,81,225,PF/C,Georgia Tech,4,400
Jeremiah Robinson-Earl,2020-21,81,240,PF,Villanova,2,16
Jericho Sims,2020-21,82,250,PF/C,Texas,4,53
Neemias Queta,2020-21,84,250,C,Utah State,3,400
Joe Wieskamp,2020-21,79,205,SG/SF,Iowa,3,60
Isaiah Livers,2020-21,79,230,SF/PF,Michigan,4,133
David Duke,2020-21,77,205,PG/SG,Providence,3,47
DayRon Sharpe,2020-21,82,265,PF/C,UNC,1,15
Aaron Henry,2020-21,78,210,SG/SF,Michigan State,3,140
EJ Onu,2020-21,83,240,PF,Shawnee State,4,400
Chris Smith,2020-21,81,215,SF/PF,UCLA,4,304
Raiquan Gray,2020-21,80,270,PF/C,Florida State,3,159
Justin Champagnie,2020-21,79,205,SF,Pitt,2,248
David Johnson,2020-21,76,205,PG,Louisville,2,82
Kessler Edwards,2020-21,80,205,PF,Pepperdine,3,286
Duane Washington,2020-21,75,210,PG/SG,Ohio State,3,167
John Petty,2020-21,78,185,SG,Alabama,4,33
Mac McClung,2020-21,74,180,PG/SG,Texas Tech,3,245
RJ Nembhard,2020-21,77,195,PG/SG,TCU,3,132
Sam Hauser,2020-21,80,215,SF,Virginia,4,83
Bryce Wills,2020-21,78,205,SG,Stanford,3,143
Marcus Garrett,2020-21,78,190,PG/SG,Kansas,4,55
Marcus Zegarowski,2020-21,74,180,PG/SG,Creighton,3,110
DJ Steward,2020-21,74,160,PG,Duke,1,26
Derrick Alston,2020-21,81,190,SG/SF,Boise State,4,400
Sandro Mamukelashvili,2020-21,82,240,PF,Seton Hall,4,199
Luka Garza,2020-21,83,245,C,Iowa,4,118
McKinley Wright,2020-21,72,190,PG,Colorado,4,229
Carlik Jones,2020-21,73,175,PG,Louisville,4,400
Aamir Simms,2020-21,81,235,PF,Clemson,4,115
Austin Reaves,2020-21,78,195,PG/SG,Oklahoma,4,400
Scottie Lewis,2020-21,77,190,SG/SF,Florida,2,7
Yves Pons,2020-21,79,205,PF/C,Tennessee,4,127
Trendon Watford,2020-21,81,235,SF/PF,LSU,2,18
Olivier Sarr,2020-21,84,235,C,Kentucky,4,222
MaCio Teague,2020-21,75,190,SG,Baylor,4,279
Matthew Hurt,2020-21,82,230,SF/PF,Duke,2,12
Balsa Koprivica,2020-21,85,250,C,Florida State,2,77
DeJon Jarreau,2020-21,77,185,PG,Houston,4,53
JaQuori McLaughlin,2020-21,76,185,SG,UC Santa Barbara,4,95
Derek Culver,2020-21,82,255,C,West Virginia,3,84
Dalano Banton,2020-21,81,195,PG/SG,Nebraska,2,92
Feron Hunt,2020-21,80,195,SF,SMU,3,194
Jose Alvarado,2020-21,72,175,PG,Georgia Tech,4,170
MJ Walker,2020-21,77,215,SG,Florida State,4,28
Chaundee Brown,2020-21,78,215,SG/SF,Michigan,4,36
Jamorko Pickett,2020-21,81,205,SF,Georgetown,4,76
Ethan Thompson,2020-21,77,195,SG,Oregon State,4,37
Romeo Weems,2020-21,79,215,SF,DePaul,2,62
Oscar da Silva,2020-21,82,225,PF,Stanford,4,147
Javonte Smart,2020-21,76,190,PG/SG,LSU,3,35
DJ Carton,2020-21,74,200,PG,Marquette,2,34
Denzel Mahoney,2020-21,77,220,SG/SF,Creighton,4,400
Jabari Smith,2021-22,82,220,PF,Auburn,1,7
Jaden Ivey,2021-22,76,195,PG/SG,Purdue,2,89
Paolo Banchero,2021-22,82,250,PF/C,Duke,1,2
Chet Holmgren,2021-22,84,195,PF/C,Gonzaga,1,1
Bennedict Mathurin,2021-22,78,205,SG/SF,Arizona,2,129
Keegan Murray,2021-22,80,225,SF/PF,Iowa,2,334
AJ Griffin,2021-22,78,220,SF,Duke,1,18
Johnny Davis,2021-22,77,195,SG,Wisconsin,2,164
Malaki Branham,2021-22,77,195,SG/SF,Ohio State,1,38
Shaedon Sharpe,2021-22,77,200,SG,Kentucky,1,3
Jeremy Sochan,2021-22,81,230,PF,Baylor,1,114
Mark Williams,2021-22,85,240,C,Duke,2,28
Max Christie,2021-22,77,190,SG,Michigan State,1,20
Jalen Duren,2021-22,83,250,PF/C,Memphis,1,6
Ochai Agbaji,2021-22,78,215,SG,Kansas,4,132
Blake Wesley,2021-22,76,185,PG/SG,Notre Dame,1,121
Tari Eason,2021-22,80,215,SF/PF,LSU,2,138
Wendell Moore,2021-22,77,215,SG/SF,Duke,3,29
Jalen Williams,2021-22,78,210,SG/SF,Santa Clara,3,242
TyTy Washington,2021-22,75,195,PG,Kentucky,1,15
Kennedy Chandler,2021-22,73,170,PG,Tennessee,1,9
Jaylin Williams,2021-22,82,235,PF/C,Arkansas,2,120
Walker Kessler,2021-22,85,255,C,Auburn,2,22
John Butler,2021-22,85,175,PF/C,Florida State,1,71
Christian Braun,2021-22,79,210,SG,Kansas,3,130
Dalen Terry,2021-22,79,195,PG/SG,Arizona,2,52
EJ Liddell,2021-22,79,245,PF,Ohio State,3,44
Andrew Nembhard,2021-22,76,195,PG,Gonzaga,4,23
Ron Harper Jr,2021-22,77,240,SF,Rutgers,4,175
Ryan Rollins,2021-22,75,180,PG/SG,Toledo,2,400
Bryce McGowens,2021-22,78,180,SG,Nebraska,1,29
Caleb Houstan,2021-22,80,205,SG/SF,Michigan,1,11
Christian Koloko,2021-22,84,220,C,Arizona,3,187
Justin Lewis,2021-22,79,235,PF/C,Marquette,1,106
Patrick Baldwin Jr,2021-22,82,220,SF/PF,WisconsinMilwaukee,1,8
Jake LaRavia,2021-22,80,225,SF/PF,Wake Forest,3,250
Jamaree Bouyea,2021-22,73,170,PG,San Francisco,4,
Peyton Watson,2021-22,80,205,SG/SF,UCLA,1,12
Kendall Brown,2021-22,79,200,SF/PF,Baylor,1,14
Trevor Keels,2021-22,76,225,PG/SG,Duke,1,23
Josh Minott,2021-22,80,205,SF/PF,Memphis,1,45
Iverson Molinar,2021-22,75,185,PG,Mississippi State,3,208
JD Davison,2021-22,74,190,PG/SG,Alabama,1,13
Lester Quinones,2021-22,77,210,SG/SF,Memphis,3,58
Jabari Walker,2021-22,80,215,SF/PF,Colorado,2,172
Jordan Hall,2021-22,79,215,PG/SG,St. Joseph's,2,400
Bryson Williams,2021-22,81,235,PF/C,Texas Tech,4,362
Donovan Williams,2021-22,78,190,SG,UNLV,3,73
Julian Champagnie,2021-22,79,210,SF,St. John's (NY),3,162
Orlando Robinson,2021-22,83,245,C,Fresno State,3,365
Alondes Williams,2021-22,77,210,SG,Wake Forest,4,400
Scotty Pippen Jr,2021-22,73,180,PG/SG,Vanderbilt,3,213
Jared Rhoden,2021-22,78,200,SG/SF,Seton Hall,4,199
Aminu Mohammed,2021-22,77,215,SG/SF,Georgetown,1,24
David Roddy,2021-22,78,260,SF/PF,Colorado State,3,400
Dereon Seabron,2021-22,78,180,SG/SF,NC State,2,129
Johnny Juzang,2021-22,78,210,SG/SF,UCLA,3,33
Moussa Diabate,2021-22,82,215,PF/C,Michigan,1,17
Kenneth Lofton,2021-22,79,280,PF,Louisiana Tech,2,250
Trevion Williams,2021-22,80,265,PF/C,Purdue,4,154
Tevin Brown,2021-22,77,175,SF,Murray State,3,281
Izaiah Brockington,2021-22,76,195,PG/SG,Iowa State,4,400
Alex Barcello,2021-22,74,190,PG,BYU,4,83
Keon Ellis,2021-22,77,165,SG,Alabama,4,169
Kellan Grady,2021-22,78,205,PG/SG,Kentucky,4,95
JD Notae,2021-22,74,180,PG,Arkansas,4,343
Brady Manek,2021-22,81,220,PF/C,UNC,4,117
Keve Aluma,2021-22,81,230,SF/PF,Virginia Tech,4,400
Gabe Brown,2021-22,80,205,SF,Michigan State,4,101
Kofi Cockburn,2021-22,84,295,C,Illinois,3,46
Quenton Jackson,2021-22,76,170,PG/SG,Texas A&M,4,232
Amadou Sow,2021-22,81,235,PF,UC Santa Barbara,4,223
Michael Devoe,2021-22,77,180,PG/SG,Georgia Tech,4,51
Jermaine Samuels,2021-22,79,220,SF,Villanova,4,46
Tyrese Martin,2021-22,79,215,SG/SF,UConn,4,220
Collin Gillespie,2021-22,75,195,PG,Villanova,4,200
JeeNathan Williams,2021-22,77,205,SG/SF,Buffalo,4,130
Buddy Boeheim,2021-22,78,200,SG,Syracuse,4,349
Taevion Kinsey,2021-22,77,185,SG,Marshall,4,400
